63.300; 10.200;2.00
61.300;  5.200; 3.0
69.500; 25.500; 7.0
63.400; 10.400; 5.0
64.400; 21.300; 4.0
65.000; 20.000;27.0
68.600; 15.400; 3.0
66.700; 12.600; 7.0
59.000; 10.000; 7.0
61.600;  5.000; 7.0
63.900; 11.300; 3.0
66.400; 12.400; 7.0
62.400;  5.600; 3.0
61.600;  5.000; 7.0
62.300;  6.500; 3.0
62.300;  6.400; 3.0
61.600;  5.000; 0.0
57.100; 12.800; 6.0
61.600; 17.100;20.0
60.400;  6.600; 5.0
60.300;  6.300; 5.0
65.700; 27.800; 0.0
67.700; 15.300; 3.0
61.300;  5.200; 7.0
61.800;  3.000;15.0
58.600; 16.200; 4.0
62.100;  5.600; 4.0
68.500; 23.600; 0.0
54.800; -2.900;10.0
61.800;  6.500; 2.0
57.500; -4.200; 5.0
57.400; -4.300; 5.0
66.700; 12.600; 7.0
66.700; 12.600; 7.0
67.900; 13.000; 7.0
60.700; 22.700; 0.0
59.900; 10.700; 5.0
59.900;  5.200; 7.0
59.700; 13.800;29.0
59.700; 13.800; 0.0
65.000; 24.800; 0.0
60.500;  6.700; 7.0
61.600;  5.000; 7.0
60.000;  6.100; 7.0
59.500;  5.500;15.0
59.500;  4.000; 0.0
58.700;  5.600; 5.0
61.000;  4.500; 3.0
65.300; 27.200; 0.0
59.900; 10.700; 5.0
64.300; 27.600; 0.0
57.200; 13.400;12.0
60.700; 30.100; 0.0
60.200;  9.700; 3.0
59.500;  5.500; 5.0
58.600;  9.800;12.0
63.100; 22.900; 0.0
64.700; 10.500;15.0
67.400; 11.900; 5.0
59.400; 10.900; 5.0
67.400; 11.900; 7.0
67.400; 11.900; 5.0
55.500; 13.900; 6.0
64.500; 25.600; 0.0
63.800; 20.200; 4.0
61.600;  5.400; 7.0
61.600;  5.400;10.0
61.300;  5.200; 5.0
53.000; -1.700; 5.0
59.600; 18.000; 4.0
61.800;  6.000; 8.0
66.400; 12.400; 5.0
59.700; 10.100; 7.0
53.100; -4.400;10.0
61.800;  6.200; 3.0
59.800; 14.700;13.0
66.800; 13.600;15.0
67.100; 13.400; 0.0
67.100; 13.400; 0.0
61.600;  5.000; 3.0
58.500; 15.200; 4.0
63.900; 20.500;11.0
64.500; 28.200; 0.0
61.600;  5.000; 3.0
68.300; 13.700; 3.0
58.300;  7.500; 2.0
66.500; 12.000; 7.0
61.200;  5.200; 7.0
60.100;  6.200; 3.0
60.300;  6.700; 3.0
61.900;  6.200; 3.0
59.600; 10.300; 5.0
59.100;  9.700; 5.0
67.400; 11.900; 2.0
67.400; 11.900; 7.0
53.000; -1.700;15.0
67.700; 11.900; 5.0
59.800; 12.600; 6.0
62.000;  5.500; 7.0
55.900; -4.900;10.0
58.300; 14.600; 6.0
67.700; 15.500; 5.0
61.100;  5.200; 7.0
74.000;  0.000;33.0
64.400; 12.000; 7.0
59.500; 16.000; 6.0
57.600; 16.200; 6.0
62.700; 13.700; 6.0
59.300; 18.100; 4.0
62.500; 17.600; 6.0
62.500; 17.800; 6.0
57.600; 12.100; 4.0
59.000; 10.000; 6.0
59.200; 10.500;15.0
60.700; 17.100; 4.0
59.200; 10.500;23.0
55.800; 13.300; 3.0
59.200; 10.500;41.0
61.300;  5.200; 7.0
59.200; 11.300; 5.0
58.300; 13.000; 6.0
59.200; 10.400; 5.0
61.300;  5.200; 5.0
69.700; 18.900; 5.0
59.900; 10.700; 5.0
62.300;  6.000; 7.0
59.600; 11.500; 0.0
59.100;  9.600; 7.0
59.600; 11.500; 0.0
59.600; 11.500; 0.0
59.600; 11.500;16.0
67.100; 14.300; 0.0
67.100; 14.300; 0.0
67.200; 14.200;15.0
58.600; 12.100; 6.0
58.700; 11.300; 6.0
58.700; 11.300; 0.0
58.700; 11.300;24.0
59.500; 10.700; 3.0
59.100;  9.600; 3.0
61.700;  4.900; 7.0
59.500; 13.500; 4.0
67.900; 13.000; 3.0
58.700; 11.500; 6.0
60.000; 16.000;17.0
60.000; 16.000; 0.0
60.000; 16.000; 0.0
56.500; 13.100;14.0
58.800; 11.800; 6.0
60.000; 16.000; 0.0
58.700; 11.300; 6.0
59.900; 10.700; 7.0
59.800; 10.600; 7.0
61.100;  4.700; 7.0
58.800; 11.800; 6.0
59.700;  9.800; 5.0
61.200;  5.300; 7.0
61.500;  5.100;15.0
61.600;  5.000; 3.0
59.900; 10.700; 7.0
60.300;  5.300; 3.0
57.800; 13.100; 4.0
59.900; 10.700; 2.0
58.800; 11.800; 6.0
59.100; 10.900; 7.0
59.900; 10.700; 0.0
59.500; 15.100; 4.0
53.500; -0.900;15.0
59.900; 10.700; 7.0
62.000;  5.600; 6.0
58.600; 10.900;20.0
59.000; 11.100; 7.0
61.700;  4.900; 5.0
64.800; 11.500; 7.0
58.500; 15.100; 6.0
56.200; -3.800;10.0
59.300; 13.900;27.0
60.400; 10.300; 3.0
58.500; 11.600;23.0
60.000;  6.100; 3.0
65.700; 28.600; 0.0
60.600; 24.900; 5.0
58.900;  8.400;14.0
59.800; 10.300; 3.0
60.200; 25.000; 0.0
66.200; 24.300; 0.0
67.000; 14.000;15.0
56.500; 13.000; 5.0
66.400; 12.500;18.0
66.400; 12.500;18.0
57.400; 15.100; 6.0
66.200; 13.900; 3.0
59.100; 10.400; 7.0
57.400; 15.100; 0.0
64.900; 20.200;18.0
57.400; 15.100; 6.0
65.000; 17.700; 3.0
60.100; 10.100; 5.0
57.600;  6.200;15.0
64.500; 25.000; 0.0
61.600;  4.800; 3.0
57.400; 15.100; 0.0
67.300; 14.600;10.0
62.900; 18.300; 6.0
65.100; 20.100; 6.0
65.300; 19.600; 6.0
61.900;  6.000;15.0
58.000;  5.700;15.0
64.700; 26.500; 0.0
56.200; -3.800;33.0
56.200; -3.800;33.0
59.600; 12.300; 0.0
59.000; 11.300; 5.0
59.200; 13.200; 6.0
59.600; 12.300;24.0
59.500; 13.000; 4.0
58.800; 12.500; 3.0
66.600;  9.500;15.0
56.700; 13.000; 6.0
59.400; 13.100; 6.0
61.500;  5.000; 3.0
61.500;  5.000; 3.0
61.200;  5.300; 7.0
58.70 ; 12.00 ;    
66.200;  8.600;15.0
56.800; 13.200;10.0
56.900; 14.000;11.0
58.100; 13.600; 4.0
62.400;  5.600; 3.0
62.400; 17.300; 4.0
56.900; 13.500; 6.0
56.900; 13.500; 6.0
61.600;  5.000; 7.0
61.400;  5.100; 7.0
60.400;  6.400; 5.0
59.900; 10.700; 7.0
58.200; 13.600; 3.0
61.800;  5.000; 7.0
58.400; 13.100; 0.0
58.200; 12.800; 6.0
61.500;  5.000; 3.0
64.400; 20.100; 0.0
65.800; 24.100; 0.0
61.500;  5.000; 3.0
60.800; 11.600; 7.0
60.500;  7.800;15.0
61.500;  5.000; 5.0
58.800;  5.800; 5.0
58.700; 11.900; 6.0
52.100; -2.300;10.0
66.700; 13.600; 3.0
59.700; 10.000;11.0
66.500; 13.500; 3.0
59.600;  9.600; 7.0
61.200;  4.900; 6.0
62.200;  6.100; 5.0
67.800; 27.800; 0.0
61.500;  5.000; 5.0
67.700; 21.800; 3.0
58.300; 12.700; 8.0
58.300; 11.500; 0.0
58.300; 11.500;20.0
58.300; 11.500; 0.0
58.300; 11.500; 0.0
58.300; 12.700; 7.0
60.200;  5.000; 7.0
63.700; 22.700; 0.0
58.900; 12.800; 6.0
58.900; 12.800; 8.0
67.300; 14.400; 5.0
58.100;  6.800; 3.0
59.600;  9.600; 7.0
61.800;  5.000; 5.0
60.200;  6.200;15.0
62.200;  6.000; 6.0
67.200; 14.600;15.0
61.800;  5.000; 3.0
61.700;  4.900; 7.0
61.600;  4.700;10.0
56.200; -3.800;33.0
66.500; 12.000;20.0
65.500; 17.500; 3.0
66.400; 12.500;14.0
66.400; 12.500; 0.0
69.500; 17.300; 2.0
69.700; 18.000;15.0
69.7  ; 18.0  ;    
61.800; 25.500; 0.0
60.600; 24.900; 0.0
60.600; 24.900; 0.0
60.600; 24.900; 7.0
64.900; 25.800; 0.0
59.400;  6.000;15.0
64.400; 22.100;21.0
65.300; 29.100; 0.0
63.500; 27.200; 0.0
58.000; 14.500; 6.0
58.400;  6.000; 5.0
58.500; 14.900; 6.0
58.800; 17.000; 6.0
60.100; 11.200; 3.0
62.200; 24.400; 0.0
59.400;  6.300; 7.0
59.400; 16.500; 4.0
62.500; 17.700; 6.0
56.600; 12.900; 4.0
58.000;  6.700;13.0
62.200;  6.000; 7.0
62.100;  6.200; 5.0
63.500; 10.900; 5.0
61.800;  5.000; 7.0
58.600; 11.400;21.0
62.500; 21.400; 0.0
64.000; 21.600; 0.0
62.600; 17.100; 4.0
56.500; 15.900; 6.0
59.000; 11.200;23.0
61.400; 16.100; 4.0
58.600; 11.700; 6.0
64.200; 10.000; 7.0
61.800;  5.000; 7.0
59.600;  5.500; 7.0
58.400; 15.100; 6.0
62.600; 17.900; 4.0
64.000;  9.000; 7.0
61.400;  4.600;21.0
59.400;  5.800; 3.0
61.400;  4.600;13.0
66.700; 12.700; 7.0
56.000; 14.000; 3.0
62.200; 21.900; 0.0
62.200; 21.400; 0.0
62.500; 21.400; 0.0
61.600;  4.700; 7.0
62.100;  5.000; 6.0
59.200; 10.900; 4.0
61.600;  4.700; 3.0
61.400;  6.800; 7.0
59.200; 10.800; 7.0
61.700;  4.500; 0.0
61.700;  4.500;13.0
60.700;  5.100; 0.0
60.100;  5.900; 7.0
65.200; 31.000; 0.0
65.700; 24.000; 0.0
61.400; 10.000; 3.0
58.500; 14.900; 6.0
60.700; 13.400; 8.0
60.400;  6.400; 7.0
63.300; 19.000; 6.0
60.400;  6.400; 0.0
63.300; 19.000; 6.0
56.300; 14.700; 5.0
61.600;  4.700; 5.0
61.800; 16.800; 6.0
59.400; 17.700; 4.0
59.000; 11.200; 7.0
62.900; 11.100; 2.0
59.000;  5.600; 7.0
60.600;  6.500; 7.0
61.000;  4.600; 7.0
69.300; 18.800; 7.0
66.800; 14.000;15.0
63.200; 27.300; 0.0
61.100;  4.900; 8.0
58.300; 14.300; 4.0
59.900;  5.800; 5.0
66.000; 12.700; 5.0
61.600;  4.900; 6.0
61.700; 16.200; 4.0
59.500;  5.600; 6.0
63.100; 21.600; 5.0
59.900; 10.700; 3.0
59.900; 10.700; 3.0
55.500; 14.300; 3.0
61.800; 12.700; 6.0
60.300;  6.400; 5.0
63.200; 17.200; 3.0
59.500; 13.800; 0.0
59.500; 13.800;14.0
60.300; 12.800; 3.0
60.200;  6.200;15.0
59.900;  5.900; 3.0
58.900;  9.500; 3.0
57.900; 12.000; 8.0
64.600; 11.200;15.0
64.700; 21.100; 6.0
64.600; 21.200;17.0
60.600; 10.800; 5.0
59.800;  5.300; 2.0
63.100; 21.600; 0.0
60.600; 15.600; 6.0
58.200;  7.400;15.0
61.900; 17.300;20.0
61.700;  4.900; 7.0
54.500; -3.000;33.0
61.200;  5.300; 7.0
59.700;  9.800; 3.0
61.700;  4.900; 3.0
60.000;  6.300; 7.0
59.200; 10.900; 3.0
58.400; 12.300; 6.0
56.500; 13.100; 4.0
61.600;  4.700; 7.0
60.000;  5.900;15.0
64.600; 11.200;15.0
61.900;  4.900; 3.0
61.700;  4.700; 7.0
59.400; 10.200; 3.0
61.800;  5.300;15.0
61.600;  5.000; 7.0
59.100;  5.700; 8.0
58.600; 13.400; 6.0
64.900; 26.900; 0.0
65.100; 27.100; 0.0
61.900;  4.700; 9.0
61.600;  4.700; 7.0
65.100; 26.100;10.0
65.100; 27.500; 0.0
64.900; 27.400; 0.0
61.600;  4.700; 3.0
64.900; 27.300; 0.0
58.900; 11.800; 6.0
58.900; 11.800; 6.0
63.000; 18.500;11.0
58.800; 11.800; 6.0
56.400; -4.900;10.0
66.700; 13.000; 3.0
58.400;  6.900; 2.0
61.300;  7.300; 4.0
61.600;  4.700; 3.0
65.000; 21.300; 6.0
58.500; 14.800; 4.0
61.700;  5.000; 7.0
59.300;  9.900; 7.0
56.200; -3.900;33.0
63.500; 16.500; 6.0
65.300; 12.100; 8.0
60.100; 12.400; 8.0
61.600;  4.700; 3.0
65.400; 12.500; 2.0
65.800; 29.000; 0.0
60.700; 13.700; 8.0
62.400; 17.300; 6.0
63.800; 20.300; 6.0
61.600;  4.600; 9.0
62.100;  5.100; 3.0
60.200; 14.800; 0.0
59.600; 12.600;14.0
57.500; 14.700; 6.0
61.000;  5.200; 0.0
56.700;  7.700;15.0
59.400; 12.200;10.0
61.700;  4.900; 7.0
61.700;  4.800; 7.0
66.200; 13.300; 7.0
56.200; 15.300; 4.0
64.800; 34.300; 0.0
61.600;  4.700;16.0
61.300;  4.700;10.0
64.300;  6.300;15.0
56.100;  8.200;15.0
61.300;  5.200;15.0
61.200;  5.000; 7.0
68.300; 13.200;15.0
61.700;  5.000; 5.0
57.900;  7.500;10.0
61.200;  5.000; 7.0
60.000; 16.000; 6.0
58.400;  9.000; 7.0
57.800; 13.000; 0.0
64.500; 21.000; 0.0
60.500;  6.800; 3.0
68.400; 16.800; 3.0
61.800;  4.900; 3.0
56.800; 13.400; 6.0
61.700;  4.900; 5.0
55.500; 13.000; 6.0
61.300; 30.700; 0.0
61.300; 30.700; 0.0
65.900; 26.700; 0.0
60.200;  6.000;10.0
60.200;  6.300; 7.0
65.900; 26.700;18.0
60.100; 16.000; 6.0
60.900; 13.400; 4.0
64.500; 21.000; 3.0
64.300; 21.000; 6.0
63.200; 21.600;10.0
62.100;  6.500; 5.0
63.100; 21.600; 0.0
64.300; 21.000; 4.0
65.900; 23.400; 6.0
58.000;  7.300; 5.0
58.200;  6.200; 9.0
58.200;  7.100; 7.0
58.200;  7.000; 3.0
64.600; 21.300;12.0
55.000; -3.600;10.0
64.100; 11.800; 7.0
65.500; 28.200;11.0
59.100; 12.700;11.0
59.600;  6.100; 3.0
61.400;  6.700; 5.0
61.300;  5.200; 3.0
61.300;  5.200; 3.0
52.800; -2.200; 5.0
66.400; 13.300; 3.0
57.100; 13.300; 6.0
57.100; 13.300; 6.0
57.000; 13.300; 0.0
64.000; 24.700; 0.0
65.300; 28.800; 0.0
61.400;  5.000;10.0
59.300; 12.500;17.0
63.200; 18.700;14.0
58.600; 13.200;11.0
58.400; 15.000;15.0
57.200; 12.400;10.0
61.300;  5.100; 7.0
65.500; 28.200; 0.0
61.200; 12.100;10.0
72.000; -2.800; 0.0
68.8  ; 16.1  ;    
58.400;  8.600; 5.0
72.000; -2.800; 0.0
58.100;  7.000; 5.0
69.600; 25.500; 2.0
59.700;  5.900; 3.0
61.600;  5.100;15.0
61.700;  4.900; 3.0
59.500; 10.300; 0.0
59.500; 10.300; 3.0
72.500;  7.000;33.0
72.500;  7.000;33.0
60.600; 12.000; 7.0
61.500;  4.900; 9.0
61.500;  5.900;15.0
62.300;  6.300; 5.0
61.900;  6.000; 5.0
61.600;  4.900;17.0
69.100; 18.800; 6.0
59.100; 11.600;11.0
57.800; 13.400;10.0
61.300;  5.200; 5.0
64.400; 21.300; 4.0
60.800;  6.000;15.0
72.000; -2.800; 0.0
72.000; -2.800; 0.0
58.300;  6.300; 7.0
62.200;  6.100; 7.0
61.700;  4.900; 3.0
64.500; 20.600; 6.0
59.100;  6.100; 7.0
61.800;  6.200; 7.0
60.200;  5.600; 3.0
72.000; -2.800; 0.0
64.000; 10.200; 7.0
59.400;  5.500; 3.0
59.700;  5.400; 5.0
60.500;  6.700; 5.0
60.800;  4.700; 7.0
60.800;  4.700; 5.0
60.800;  4.700; 5.0
60.800;  4.700; 5.0
61.600;  4.700; 5.0
61.500;  5.300; 7.0
63.400; 10.500; 3.0
61.000;  4.600; 3.0
72.000; -2.800; 0.0
60.900;  4.600; 9.0
64.000; 10.200; 3.0
61.900;  6.000; 5.0
61.600;  5.000; 3.0
60.600;  5.200; 3.0
57.400; 13.000; 7.0
59.700; 13.400; 0.0
61.700;  5.000; 5.0
61.700;  5.000; 5.0
67.100; 13.900;15.0
57.400; 14.300; 6.0
58.200; 12.500; 6.0
61.600;  5.100; 5.0
64.600; 18.700; 6.0
65.900; 12.600; 3.0
60.700;  4.900; 2.0
61.800;  5.400; 3.0
59.200; 11.700; 5.0
59.400;  5.700; 5.0
61.700;  4.800; 2.0
61.800;  5.000; 3.0
55.000; 15.000; 8.0
61.500; 31.900; 0.0
60.600;  5.100; 5.0
61.000; 10.700; 9.0
59.600; 14.500;10.0
61.700;  5.800;15.0
61.800;  5.600;15.0
59.300; 15.000; 7.0
59.400; 13.200; 6.0
59.700; 12.000; 0.0
65.400; 21.400;33.0
60.500;  6.500; 7.0
60.200; 25.000; 0.0
60.000; 13.000;12.0
59.800; 12.700;14.0
61.400;  4.500;15.0
61.500;  5.200; 8.0
62.500;  4.800;15.0
61.700;  4.800; 3.0
65.000; 28.000; 0.0
67.400; 15.100; 9.0
53.500;  2.000;10.0
59.100; 12.300;11.0
58.300; 11.500;13.0
61.300;  4.700;12.0
59.200; 11.500;13.0
59.200; 15.100; 5.0
52.100; -2.400;10.0
72.800;  2.500; 0.0
61.800;  4.700;15.0
61.800;  5.400; 9.0
72.500; 16.000;15.0
66.800; 25.300; 0.0
59.900; 12.600; 6.0
66.100; 22.000;12.0
61.700;  4.800;11.0
67.000; 29.200; 0.0
60.400; 10.400; 4.0
67.000; 29.200;10.0
61.300;  6.900; 0.0
66.900; 30.300; 0.0
60.200;  5.500; 7.0
59.600;  5.400; 5.0
61.100;  4.200;15.0
65.900; 22.100; 7.0
61.700;  4.900; 7.0
75.000;  7.000; 0.0
61.500;  7.700; 0.0
60.600; 21.800; 0.0
76.500; 15.000; 0.0
60.700; 10.000; 6.0
65.100; 28.600; 0.0
61.700;  4.900; 3.0
65.000; 28.100; 0.0
69.900; 29.400;34.0
59.500;  5.300;18.0
61.500;  4.800;17.0
61.300; 30.700; 0.0
61.000; 29.900; 0.0
61.000; 29.900; 0.0
61.000; 29.900; 0.0
67.400; 15.200;15.0
67.4  ; 15.2  ;    
63.700; 11.300; 3.0
60.900; 21.500; 0.0
65.400; 29.200; 0.0
52.200; -2.800;10.0
65.500; 29.500; 0.0
65.500; 26.800; 0.0
72.000; -2.800; 0.0
65.700; 23.100; 3.0
65.600; 28.600; 0.0
65.500; 28.300; 0.0
59.500;  5.300;15.0
57.700;  7.800;15.0
65.900; 29.100; 0.0
61.300; 30.700; 0.0
61.300; 30.700; 0.0
61.300; 30.700; 0.0
59.900;  1.800;15.0
58.500;  6.000; 7.0
65.300; 27.300; 0.0
64.900; 29.600; 0.0
57.600; 13.500; 8.0
68.100; 19.800;18.0
65.500; 29.000; 0.0
58.600; 13.600;25.0
65.400; 28.400;17.0
65.400; 28.700; 0.0
61.300; 30.700; 0.0
65.800; 30.000; 0.0
66.100; 29.500; 0.0
61.000;  4.700;15.0
61.300; 30.700; 0.0
72.000; -2.800; 0.0
75.000;  7.000; 0.0
63.700; 10.000; 7.0
60.200; 22.500; 0.0
60.100;  6.500; 5.0
59.300; 14.100; 5.0
61.700;  4.900; 3.0
61.700;  4.600;14.0
58.200; 13.600; 7.0
58.400; 11.400; 8.0
58.400; 11.400; 6.0
61.600;  4.900;23.0
60.000; 15.800; 8.0
61.900;  6.100;11.0
66.000; 29.400;10.0
60.200; 10.300; 9.0
61.600;  4.800;24.0
58.800; 14.000; 8.0
64.800; 21.300; 4.0
59.600;  5.900; 3.0
60.900; 11.500; 3.0
60.200;  6.600; 8.0
60.600;  6.400; 5.0
61.400; 12.100; 3.0
68.100; 24.300; 0.0
74.200;  4.000; 0.0
65.300; 21.600;11.0
57.200;  6.600;15.0
57.300;  6.400;15.0
57.300;  6.400; 0.0
70.900;  9.200;15.0
61.000; 10.500;13.0
62.000;  6.500;11.0
60.900;  5.000;15.0
57.000; 13.500; 0.0
57.000; 13.500; 0.0
56.750; 14.000; 0.0
57.000; 13.500; 0.0
58.100; 16.700; 9.0
60.000; 13.000;14.0
62.900; 17.700; 8.0
59.100;  5.900;15.0
70.2  ; 23.0  ;    
69.000; 24.000; 0.0
55.400; 13.500; 6.0
60.800;  5.400; 7.0
60.7  ;  5.4  ;    
56.500; 13.300; 6.0
59.300; 12.200; 0.0
60.700;  5.700; 3.0
58.400; 16.600; 6.0
55.200; 12.100; 0.0
55.300; 12.800;15.0
58.400; 13.800;20.0
61.400;  5.000;10.0
61.500;  4.600;23.0
61.300;  5.000;16.0
60.400;  6.200; 0.0
62.200;  6.000; 4.0
58.400; 13.900; 6.0
61.700;  4.700;20.0
59.200; 10.800;13.0
61.200;  6.400;11.0
54.100;  1.500;15.0
54.1  ;  1.5  ;    
67.100; 15.000;15.0
58.600; 13.700;10.0
62.300;  6.200;15.0
67.700; 15.300; 9.0
62.500; 25.800;15.0
62.500; 25.800;16.0
61.800; 14.000; 4.0
56.000; 14.600;12.0
62.500; 23.100; 0.0
63.200; 23.100; 0.0
63.000; 22.700;98.0
62.800; 22.900; 0.0
62.800; 22.900; 0.0
56.200; 14.300; 6.0
56.200; 14.300; 6.0
65.800; 26.700;11.0
59.700;  6.200; 0.0
59.700;  6.200;13.0
59.700;  6.200; 0.0
62.800; 22.900; 2.0
72.000; -2.800; 0.0
59.000; 12.000; 3.0
58.60 ; 13.00 ;    
58.900;  5.600; 9.0
54.300; -2.100;10.0
65.600; 28.300;17.0
66.000; 29.300; 6.0
65.000; 26.500; 0.0
59.400; 12.540;24.0
60.100;  6.200; 3.0
61.500;  5.500; 6.0
63.400; 19.100; 0.0
63.400; 19.100; 3.0
60.000; 13.600; 0.0
60.800;  5.200; 2.0
60.000; 13.600; 4.0
60.000; 13.600; 0.0
64.600; 18.800;56.0
62.000; 23.800; 0.0
63.000; 23.000; 7.0
63.700;  9.600; 5.0
66.400; 21.600; 3.0
66.200; 22.300;13.0
67.000; 23.100; 7.0
64.700; -2.100; 0.0
73.300; -1.500;33.0
61.900; 16.900; 6.0
57.200; -4.500;10.0
66.800; 24.500;54.0
67.500; 25.000; 0.0
59.200;  9.600; 7.0
65.000; 20.100; 3.0
62.200; 28.600; 0.0
60.100;  6.200; 7.0
60.200; 23.200; 0.0
60.200; 23.200; 0.0
65.000; 20.200;14.0
60.200; 23.200; 0.0
65.800; 12.100;15.0
66.100; 24.000;11.0
58.700; 13.600; 6.0
63.100; 17.700; 1.0
65.900; 26.500; 6.0
65.900;  7.200;15.0
57.400; 13.500;11.0
61.700;  4.800; 7.0
62.000;  3.900;15.0
62.500; 17.100; 7.0
65.000; 20.100; 6.0
61.800; 17.200; 5.0
64.300; 10.700;15.0
57.900; 12.600; 7.0
64.000; 18.000;17.0
72.800;  2.500; 0.0
75.000;  7.000; 0.0
59.600;  6.000; 8.0
59.400; 12.200; 6.0
63.100; 18.100; 5.0
63.300; 15.700;12.0
65.600; 17.500; 4.0
61.400;  5.700;15.0
      ;       ;    
63.300; 10.100;11.0
56.500; 13.000; 6.0
56.500; 13.000; 0.0
66.000; 29.600;10.0
66.200; 29.700;18.0
64.500; 12.200; 6.0
57.100; 10.300; 0.0
66.800; 13.400; 7.0
66.800; 13.400; 0.0
56.800; 13.000; 8.0
71.000; 10.000;15.0
66.700; 25.400;11.0
58.900; 11.100;15.0
61.600;  4.100;15.0
56.000; -3.200;33.0
71.300; 26.600;15.0
66.800; 17.900;14.0
76.500;  7.000; 0.0
76.700;  7.800; 0.0
59.900;  8.800; 7.0
60.000;  7.000;15.0
60.100;  5.000; 0.0
58.100; 13.300;11.0
69.100; 23.100; 3.0
60.300; 10.100;21.0
58.500; 13.500; 7.0
65.800; 22.300;12.0
61.600;  6.000;20.0
60.300;  8.500; 9.0
69.400; 19.700; 5.0
61.400;  4.700;15.0
61.700;  4.800;14.0
59.300;  8.400;15.0
65.600; 21.800; 0.0
59.900;  5.200;15.0
56.100; -3.900;33.0
64.500; 20.800; 9.0
64.500; 20.800; 0.0
64.500; 20.800; 0.0
64.500; 20.800; 0.0
64.500; 20.800; 0.0
64.500; 20.800; 0.0
75.100; 10.300; 0.0
52.700; -1.300;10.0
56.100; -3.900;10.0
53.100; -4.100;10.0
61.000;  5.000;15.0
60.000;  4.800;13.0
60.000;  9.900; 8.0
73.300;  2.400;33.0
63.400; 21.300; 0.0
56.100; -3.900;33.0
71.700; -3.800; 0.0
60.000;  6.000;15.0
57.600; 11.600; 0.0
73.000;  1.000;33.0
66.800; 21.500; 9.0
59.900;  6.200;15.0
60.000;  5.000; 0.0
61.300;  7.300; 7.0
67.400; 22.400; 7.0
60.000;  6.000; 7.0
58.900;  5.900;15.0
72.200;  0.300; 0.0
60.100; 14.400;16.0
72.200;  0.500; 0.0
61.800;  5.200; 8.0
60.300; 15.600; 5.0
63.000; 16.200; 6.0
62.500; 17.400; 3.0
60.400; 10.000; 4.0
60.000;  4.800;10.0
60.000; 13.000; 0.0
66.000; 13.000; 8.0
54.100; -1.000; 5.0
57.400; 12.500; 8.0
59.900; 10.700; 7.0
59.000; 11.500; 2.0
64.100; 20.900; 6.0
64.100; 20.900; 6.0
64.500; 21.000;13.0
64.500; 21.000; 0.0
64.500; 21.000; 0.0
64.500; 21.000; 0.0
66.100; 13.600; 3.0
66.200; 13.000; 2.0
66.200; 13.000; 2.0
56.100; 14.400; 6.0
56.100; 14.700; 5.0
56.100; 14.700; 5.0
72.500;  2.500; 0.0
73.000;  4.000; 0.0
61.900; 16.700; 6.0
55.400; 15.600; 0.0
55.400; 15.600; 0.0
55.400; 15.600; 0.0
55.400; 15.600;18.0
55.400; 15.600; 0.0
55.400; 15.600; 0.0
55.400; 15.600; 0.0
55.400; 15.600; 0.0
55.400; 15.600; 0.0
55.400; 15.600; 0.0
55.400; 15.600; 0.0
55.400; 15.600; 0.0
55.400; 15.600; 0.0
55.400; 15.600; 0.0
55.400; 15.600; 0.0
55.400; 15.600; 0.0
55.400; 15.600; 0.0
55.400; 15.600; 0.0
55.400; 15.600; 0.0
65.700; -0.900; 0.0
65.750; -1.000; 0.0
58.100; 14.500; 8.0
57.000; -4.800;33.0
58.500; 11.600;13.0
58.200; 13.700; 6.0
57.000; -4.800;15.0
60.400;  5.500; 7.0
60.800; 15.400; 6.0
62.100;  8.200;15.0
57.400; 13.500; 9.0
59.000; 10.000; 7.0
58.400;  8.800; 3.0
59.200; 10.100; 7.0
67.400; 22.400; 4.0
60.200; 10.200; 3.0
58.600; 13.700; 8.0
57.200; 12.700; 5.0
64.600; 21.400; 0.0
64.600; 21.400; 3.0
64.500; 21.400; 3.0
64.600; 21.400; 0.0
64.600; 21.400; 0.0
71.300; -4.200; 0.0
55.400; 15.600;18.0
62.800;  6.300;15.0
59.700;  5.000; 7.0
71.700; 10.000;33.0
72.700;  3.600; 0.0
67.800; 18.500; 0.0
55.100; 23.200;33.0
67.700; 33.600;15.0
72.000;  1.000; 0.0
65.800; 23.200; 4.0
59.500;  5.500; 2.0
72.000; -2.200; 0.0
72.200;  0.500; 0.0
72.200;  0.500; 0.0
76.000;  6.000; 0.0
73.000;  6.000; 0.0
76.000;  6.000; 0.0
58.800;  6.000; 3.0
64.500; 20.800; 7.0
64.500; 20.800;22.0
62.000;  6.000; 7.0
64.500; 20.800; 4.0
75.100; 10.300; 0.0
60.000; 12.200; 8.0
60.000;  6.000;15.0
76.700;  7.800; 0.0
63.800; 19.000; 0.0
60.100;  5.500; 0.0
66.000; 17.900; 6.0
76.700;  7.880; 0.0
60.600; 26.200;11.0
72.200;  0.500; 0.0
53.200; -1.600;33.0
60.400;  5.200; 0.0
62.100;  5.000; 0.0
73.900;  8.500; 0.0
60.300;  6.400;15.0
60.500;  4.500;15.0
59.000;  5.900; 0.0
63.100; 18.300; 0.0
61.100;  4.800;15.0
72.500; -1.000;33.0
59.600; 11.400;10.0
60.300;  4.500; 0.0
76.700;  7.800; 0.0
63.000; 11.700;15.0
62.100;  6.200;15.0
61.400; 16.700;24.0
71.200;  9.000;15.0
71.000;  8.000; 0.0
62.500; 17.000; 0.0
66.000; 30.000;11.0
66.000; 30.000; 0.0
76.000;  6.000; 0.0
76.300;  7.000; 0.0
60.100;  6.800;15.0
55.400; 12.600; 0.0
59.900;  5.900;15.0
60.500;  5.500; 0.0
73.800;  8.600; 0.0
59.700;  4.900;15.0
59.7  ;  5.1  ;    
60.100;  6.200;15.0
59.500; 13.600;23.0
56.700;  8.400; 0.0
58.900; 14.600; 9.0
72.000; -1.500; 0.0
 62.3 ; 6.0   ;    
67.300; 14.000;15.0
67.000; 11.700;15.0
71.500; -4.000; 0.0
62.300;  5.400;33.0
67.400; 11.000;15.0
64.300; 20.800; 0.0
61.900;  4.100;15.0
60.200; 13.000; 0.0
 60.1 ; 5.0   ;    
67.700; 33.600; 0.0
59.500; 13.600;23.0
67.700; 33.600; 0.0
66.800; 14.900; 0.0
62.400;  5.600;15.0
58.300; 13.700;13.0
58.200; 13.600;16.0
61.400; 16.809;21.0
72.000;  1.500; 0.0
52.600; -1.500;10.0
66.000; 17.309;25.0
61.000; 25.800; 0.0
60.7  ; 4.6   ;    
61.000; 25.800; 0.0
57.500; 13.500; 0.0
 60.7 ;  4.6  ;    
65.400; 12.400;15.0
73.500;  8.000; 0.0
73.500;  7.900; 0.0
66.400; 13.200; 0.0
66.400; 14.200; 0.0
52.100;  1.600;10.0
75.000;  1.500; 0.0
58.700; 10.400; 0.0
62.200; 10.000; 0.0
58.000; 13.000; 2.0
58.500; 13.600; 6.0
64.600; 10.300; 0.0
62.000; 16.700;22.0
65.300; 17.800; 0.0
76.850;  7.630; 0.0
70.800; 10.200;15.0
73.000;  4.500; 0.0
73.000;  7.000; 0.0
73.000;  7.000; 0.0
67.300; 10.000; 0.0
65.700; 27.400; 0.0
69.000; 27.000; 0.0
72.000; 16.500; 0.0
65.300; 11.000;15.0
64.500; 21.000; 0.0
52.900; -1.300;10.0
66.000; 15.500; 0.0
64.100; 21.000; 0.0
64.130; 20.560;25.0
77.000;  5.000; 0.0
57.900; 14.800; 9.0
68.900; 14.200;15.0
59.400; 15.500; 0.0
64.100; 21.000; 0.0
60.400; 26.900; 4.0
60.400; 26.900;11.0
60.400; 26.900;11.0
60.400; 26.900;11.0
68.800; 14.300;15.0
62.800; 20.800; 0.0
63.600; 23.900; 0.0
62.000;  4.000;15.0
67.800; 21.400; 0.0
63.200; 32.500; 0.0
60.700; 13.400; 0.0
65.100; 30.000; 0.0
67.000; 18.500; 0.0
61.150; 14.850;25.0
65.400; 31.000; 0.0
57.700;  8.900;15.0
72.000;  6.000; 0.0
60.500;  3.500; 0.0
60.500; 21.600; 0.0
67.900; 13.900; 0.0
 61.2 ; 4.7   ;    
 61.4 ; 5.1   ;    
65.600; 34.000; 0.0
67.600; 23.800; 0.0
67.000; 21.600;13.0
65.200;  6.500;15.0
 59.8 ; 6.3   ;    
54.200;  1.800;15.0
61.300; 30.700; 0.0
65.500; 15.400; 0.0
66.300; 13.000; 0.0
62.250; 20.000; 0.0
67.200; 12.900; 0.0
57.200;  7.000;15.0
59.000; 10.000; 0.0
65.300; 19.500; 0.0
62.200;  6.900; 0.0
62.300;  6.600;15.0
66.000; 13.000; 0.0
60.000; 24.500; 0.0
58.500;  9.500;15.0
61.300; 30.500; 0.0
66.400;  8.000; 0.0
66.500;  9.500; 0.0
57.800; 18.000; 0.0
59.600;  5.800;15.0
65.000; 27.600; 0.0
59.000; 10.500; 0.0
55.200; 10.600; 0.0
66.109; 21.300;21.0
59.800;  1.800; 0.0
60.000; 23.900; 0.0
58.500; 13.600;15.0
56.600; 13.700;11.0
71.500; -3.500; 0.0
64.350; 20.620;17.0
55.700; 15.700; 0.0
59.000; 11.000; 0.0
58.900;  9.700; 0.0
58.800; 10.200; 0.0
61.500;  4.800;15.0
67.300; 23.700; 0.0
66.200; 13.500;15.0
66.360; 13.200; 0.0
61.300;  6.500; 0.0
68.500; 20.400; 0.0
71.620; -1.440; 0.0
70.900;  7.400;15.0
70.800;  8.000;15.0
65.200; 29.200; 0.0
65.100; 28.700; 0.0
74.730;  8.610; 0.0
64.900; 28.000; 0.0
66.800; 14.100; 0.0
65.300;  5.300; 0.0
62.000;  7.400; 0.0
66.200; 13.100; 0.0
66.100; 12.600;15.0
64.900; 26.800; 0.0
65.400; 28.500; 0.0
64.500; 28.400; 0.0
64.500; 28.400; 0.0
68.300; 12.000; 0.0
59.200; 11.400; 0.0
64.900; 28.300; 0.0
67.100; 13.800; 0.0
66.000; 13.200; 0.0
60.900;  3.700; 0.0
68.900; 14.600; 0.0
66.500; 12.000; 0.0
66.300; 12.500; 0.0
61.800;  5.200; 0.0
71.730; -0.830; 0.0
61.100; 20.200; 0.0
61.800;  4.709; 0.0
57.900; 11.200; 0.0
66.000; 13.200; 0.0
64.600; 13.300;15.0
66.000; 13.300; 0.0
59.500; 15.900; 9.0
59.900;  6.700; 0.0
58.500;  6.500;15.0
66.500; 31.000; 0.0
67.600; 33.600; 5.0
66.917; 28.667; 0.0
71.500;  2.500; 0.0
61.400; 17.100; 0.0
69.500; 10.000; 0.0
66.700; 29.200;20.0
71.870; -1.280; 0.0
58.400; 12.000;12.0
65.540; -1.400; 0.0
59.600;  6.800; 0.0
67.300; 16.000; 0.0
73.500; 13.000; 0.0
67.609; 11.300; 0.0
60.500; 10.700; 0.0
67.000; 12.300; 0.0
67.609; 11.800; 0.0
70.000; 34.100; 0.0
72.010; -0.990; 0.0
72.400;  2.000;17.0
71.900; -1.160; 0.0
64.200; 19.400;24.0
56.400; 13.300;23.0
56.200; 13.200; 0.0
63.200;  6.800; 0.0
58.100; 13.900; 0.0
65.000; 30.000; 0.0
71.700; -2.700;25.0
67.609; 15.000; 0.0
67.900; 11.700;15.0
67.200; 24.000; 0.0
64.800; 11.300;15.0
65.100; 23.900;18.0
66.900; 11.100;15.0
67.400; 26.600; 0.0
69.600; 13.200; 0.0
63.600; 10.300; 0.0
66.200; 28.700; 0.0
56.950; 13.290; 0.0
61.800;  1.500;15.0
72.100; -4.300;33.0
59.200; 11.000; 0.0
73.700;  8.500;33.0
73.900;  8.600;33.0
75.500; 21.100;33.0
73.000;  5.600;46.0
72.800;  8.700;33.0
75.600;  5.400;33.0
60.400; 18.000; 0.0
55.500; 14.600; 0.0
55.500; 14.600; 0.0
59.200;  9.800; 0.0
59.000; 10.500; 0.0
61.700;  7.000; 0.0
66.800; 14.000; 0.0
74.600;  7.900;33.0
61.800;  4.500;15.0
61.700;  4.100; 0.0
69.200; 13.800; 0.0
61.700;  2.500; 0.0
60.200;  6.300; 0.0
67.300; 11.100; 0.0
61.200;  3.400;15.0
65.520; 22.390;27.0
66.000; 13.300; 0.0
66.000; 13.300; 0.0
67.500; 14.700; 0.0
72.710;  4.070; 0.0
73.100;  5.700;64.0
74.900;  9.000;23.0
65.660; 21.430; 0.0
69.109; 14.000; 0.0
76.000;  9.500;33.0
60.930; 17.180;14.0
66.600; 31.900;25.0
62.500; 15.900; 7.0
70.000; 31.300; 0.0
59.900;  6.600;15.0
66.000; 13.000; 0.0
65.800; 13.500; 0.0
66.400;  8.500;15.0
69.700; 31.400; 0.0
66.800; 11.600; 0.0
64.600; 20.400; 0.0
75.500;  5.800;42.0
74.800;  5.000;33.0
64.500; 20.500; 0.0
60.900; 11.500;15.0
72.100;  2.500;45.0
66.600;  7.100;15.0
74.800; 14.100;33.0
63.700;  5.400; 0.0
66.700; 13.900;15.0
66.500;  7.000; 0.0
54.500; 15.300; 0.0
66.600; 24.000; 0.0
65.500; 21.400; 5.0
56.270; 11.740; 0.0
59.800; 15.200; 0.0
66.500; 13.400; 0.0
68.000; 12.000; 0.0
73.100;  6.300;33.0
61.300;  4.600; 0.0
72.000; -0.900;33.0
67.100; 13.800;15.0
67.000; 13.700; 0.0
67.300; 25.800; 0.0
66.800; 13.700; 0.0
69.400; 16.700;15.0
70.500; 15.300; 0.0
66.300; 13.400; 0.0
66.500; 13.500; 0.0
66.500; 13.500; 0.0
75.700; 24.000;33.0
56.300; 11.700; 0.0
66.400; 14.300; 0.0
66.300; 29.000; 0.0
67.500; 14.500; 0.0
62.300;  4.600; 0.0
68.800; -4.600;49.0
69.500; 32.000; 0.0
72.000;  0.000;33.0
64.700; 24.500; 0.0
63.900; 25.900; 0.0
62.700; 28.000;10.0
61.800;  3.100; 0.0
61.200; 17.309;10.0
76.200;  6.400;33.0
60.300;  5.800; 0.0
69.800;  8.900;33.0
70.800; 32.400; 0.0
72.900;  0.400;33.0
71.600; -4.700;33.0
76.590;  7.460; 0.0
64.900; 22.000; 0.0
58.600; 13.100; 0.0
65.800; 22.200; 0.0
72.200; -1.400;33.0
61.000;  4.300; 0.0
62.900;  3.300;33.0
57.000; 11.800; 0.0
58.000; 11.000; 0.0
68.500; 14.000; 0.0
57.700; 10.400; 0.0
76.530; 23.460; 0.0
66.700; 13.700; 0.0
69.000;-14.000;33.0
2.500 ; 27.400; 0.0
56.100; 14.900; 0.0
69.100; 30.000; 0.0
8.000 ;  9.909; 0.0
68.100; 33.000; 0.0
77.900; 20.700; 0.0
6.609 ;  9.300; 0.0
67.800; 32.500; 0.0
58.200; 11.100; 0.0
58.200; 11.100; 0.0
58.200; 11.100; 0.0
67.900; 30.500; 0.0
67.400; 31.400; 0.0
68.000; 31.700; 0.0
6.810 ; 23.000;33.0
71.220; -5.900;33.0
68.200; 31.500; 0.0
7.500 ; 14.400; 0.0
8.400 ; 15.400; 0.0
67.500; 29.500; 0.0
55.830; -4.450; 0.0
1.710 ; -1.400;33.0
71.820; -1.400;33.0
1.000 ;  0.700;33.0
69.200; 29.800; 0.0
69.700; 29.500; 0.0
67.300; 29.700; 0.0
5.109 ; 12.000; 0.0
1.200 ; 10.500;15.0
67.600; 32.000; 0.0
69.100; 30.000; 0.0
1.100 ; 11.000; 0.0
67.600; 32.000; 0.0
67.600; 30.100; 0.0
67.200; 21.100; 0.0
69.000; 30.400; 0.0
67.400; 32.400; 0.0
68.100; 32.400; 0.0
2.600 ; 22.500; 0.0
2.600 ; 11.000; 0.0
67.400; 32.300; 0.0
68.000; 31.400; 0.0
67.200; 14.800; 0.0
67.300; 14.900; 0.0
67.800; 32.300; 0.0
67.300; 30.200; 0.0
8.300 ; 14.800; 0.0
67.900; 31.500; 0.0
69.000; 30.000; 0.0
58.300; 16.800; 0.0
67.300; 15.600; 0.0
67.500; 31.000; 0.0
67.400; 31.000; 0.0
68.800; 30.400; 0.0
68.900; 28.900; 0.0
68.000; 29.700; 0.0
1.600 ;  4.200;15.0
59.600; 24.700; 0.0
71.050; -6.000;25.0
58.700; 18.300; 0.0
6.200 ;  8.600;33.0
0.300 ; 21.300; 0.0
67.700; 32.400; 0.0
77.790; 18.500;33.0
68.000; 32.000; 0.0
68.000; 32.000; 0.0
68.000; 32.000; 0.0
58.100;  9.000; 0.0
58.100;  9.000; 0.0
58.100;  9.000; 0.0
58.100;  9.000; 0.0
58.100;  9.000; 0.0
67.300; 32.500; 0.0
68.100; 31.300; 0.0
58.250;  9.000; 0.0
58.250;  9.000; 0.0
58.250;  9.000; 0.0
58.250;  9.000; 0.0
58.250;  9.000; 0.0
4.000 ;  4.000; 0.0
60.000; 25.000; 0.0
57.300; 11.400; 0.0
68.800; 30.300; 0.0
61.600; 30.800; 0.0
7.700 ; 16.000; 0.0
55.300; 15.500; 0.0
61.400; 31.800; 0.0
61.400; 31.800; 0.0
65.000; 25.200; 0.0
58.900; 18.300; 0.0
66.300; 14.600; 0.0
69.000; 30.200; 0.0
73.500;  9.000; 0.0
73.500;  9.000; 0.0
3.400 ;  7.700; 0.0
3.700 ;  7.400; 0.0
3.650 ;  8.400;33.0
68.300; 31.800; 0.0
57.030;  7.200;36.0
68.400; 30.600; 0.0
66.400; 14.700; 0.0
5.200 ; 25.100; 0.0
67.500; 30.400; 0.0
67.500; 30.400; 0.0
67.500; 30.400; 0.0
67.800; 32.000; 0.0
2.960 ;  6.500;33.0
72.990;  6.500;33.0
8.500 ;  9.800; 0.0
58.500; 22.100; 0.0
68.000; 32.300; 0.0
6.400 ;  9.900;33.0
58.500; 19.300; 0.0
58.500; 19.300; 0.0
80.000; -1.000;33.0
68.000; 32.300; 0.0
2.180 ;  1.000;33.0
2.330 ;  1.200;33.0
2.420 ;  1.600;33.0
2.000 ;  3.000; 0.0
2.260 ;  1.300;33.0
2.100 ;  1.100;46.0
2.350 ;  1.800;33.0
64.300; 21.700; 0.0
64.300; 21.700; 0.0
64.300; 21.700; 0.0
64.300; 21.700; 0.0
1.580 ; -3.500;33.0
1.900 ; -2.600;33.0
1.610 ; -3.800;33.0
8.000 ; 16.500; 0.0
59.500; 25.000; 0.0
7.500 ;  8.400; 0.0
55.300; 14.700; 0.0
67.100; 20.700; 0.0
1.500 ; 14.000; 0.0
0.030 ; 12.500;62.0
2.000 ;  4.000;15.0
55.300; 14.700; 0.0
81.110; -4.300;24.0
67.000; 25.500; 0.0
66.500; 14.500; 0.0
69.500; 30.600; 0.0
70.910; -5.700;33.0
77.500; 18.000;33.0
8.900 ; 10.500; 0.0
68.900; 29.100; 0.0
77.700; 19.000;33.0
68.000; 31.400; 0.0
61.750; 28.750; 0.0
67.700; 30.500; 0.0
68.900; 30.900; 0.0
67.700; 32.800; 0.0
68.600; 30.000; 0.0
58.600; 18.400; 0.0
58.600; 18.400; 0.0
58.600; 18.400; 0.0
67.500; 32.000; 0.0
80.700; -1.000;33.0
1.810 ; -2.600;33.0
79.530;  4.600;33.0
77.600; 19.000;18.0
8.400 ; 10.200; 0.0
77.870;  7.600;33.0
77.600;  6.000;33.0
69.700; 29.700; 0.0
67.500; 31.000; 0.0
78.400;  9.000;33.0
6.240 ;  9.300;33.0
68.800; 28.400; 0.0
68.700; 29.100; 0.0
55.400; 14.500; 0.0
67.900; 31.800; 0.0
67.900; 32.100; 0.0
66.600; 28.700; 0.0
71.000; 12.100; 0.0
64.950; 23.340;14.0
73.070;  6.300;33.0
67.600; 32.400; 0.0
73.170;  6.500;33.0
66.500; 14.600; 0.0
66.900; 29.900; 0.0
68.500; 13.000; 0.0
69.000; 30.200; 0.0
65.900; 22.600; 0.0
67.300; 30.200; 0.0
67.300; 30.200; 0.0
67.800; 30.400; 0.0
60.30 ; 11.10 ;    
67.500; 14.800;15.0
73.130;  6.000;19.0
73.130;  6.100;33.0
81.100; 17.000;33.0
68.280; 15.070; 0.0
64.700; 20.600; 0.0
66.300; 15.000; 0.0
69.000; 30.300; 0.0
73.380;  7.200;33.0
73.160;  6.300; 0.0
66.800; 25.800; 0.0
67.900; 12.600; 0.0
79.750; 23.500;33.0
68.000; 31.500; 0.0
57.500; 12.000; 0.0
59.500; 10.700; 0.0
68.900; 29.800; 0.0
66.400; 14.500; 0.0
68.100; 31.600; 0.0
67.330; 26.000; 0.0
65.800; 13.700; 0.0
69.200; 17.700; 0.0
59.900; 22.700; 0.0
68.100; 32.200; 0.0
69.000; 29.750; 0.0
68.340; 16.080; 0.0
65.780;  1.060; 0.0
66.400; 14.300; 0.0
67.900; 32.600; 0.0
67.100; 20.700; 0.0
66.400; 14.500; 0.0
68.800; 30.000; 0.0
69.000; 30.100; 0.0
67.800; 29.800; 0.0
68.900; 30.700; 0.0
69.500; 29.600; 0.0
67.700; 14.900; 0.0
67.700; 14.900; 0.0
67.500; 30.700; 0.0
66.600; 13.500; 0.0
66.700; 14.000; 0.0
68.100; 32.500; 0.0
60.080; 15.230; 0.0
59.300; 19.100; 0.0
69.200; 29.600; 0.0
67.100; 20.300; 0.0
66.400; 31.900; 0.0
59.000; 19.000; 0.0
67.700; 31.200; 0.0
66.700; 14.000; 0.0
68.700; 29.500; 0.0
67.100; 15.500; 0.0
63.500;  5.000;15.0
71.370; -7.600;17.0
71.100; -5.800;33.0
79.600;  5.000;27.0
61.600;  4.700; 0.0
61.400;  7.800; 0.0
67.600; 31.200; 0.0
66.900;  8.300; 0.0
54.800; 12.600; 0.0
67.900; 32.200; 0.0
59.600; 24.400; 0.0
60.900;  3.600; 0.0
66.400; 15.000; 0.0
71.280;-13.600;15.0
71.790; -1.800;33.0
67.800; 32.100; 0.0
67.200; 14.800; 0.0
69.000; 30.400; 0.0
67.500; 10.000; 0.0
60.940; 21.150; 0.0
60.940; 21.150; 0.0
60.940; 21.150; 0.0
66.800; 14.000; 0.0
61.040; 20.780; 0.0
61.040; 20.780; 0.0
61.070; 20.530; 0.0
61.070; 20.530; 0.0
61.010; 21.000; 0.0
61.020; 21.000; 0.0
66.500; 14.600; 0.0
61.120; 20.120; 0.0
61.100; 20.120; 0.0
61.700; 29.400; 0.0
61.050;  3.740; 0.0
67.900; 31.200; 0.0
67.100; 33.800; 0.0
69.000; 28.500; 0.0
60.000;  7.100; 0.0
69.300; 29.000; 0.0
60.900; 26.300; 0.0
69.700; 18.100; 0.0
69.700; 18.100; 0.0
69.700; 18.100; 0.0
58.000;  8.000; 0.0
69.100; 30.000; 0.0
67.800; 28.800; 0.0
81.300; -4.000;33.0
69.700; 18.100; 0.0
58.000;  8.000; 0.0
67.900; 32.200; 0.0
58.000;  8.000; 0.0
67.660; 11.070; 0.0
74.000; 12.000; 0.0
69.000; 30.400; 0.0
61.400;  5.000; 0.0
61.400;  5.000; 0.0
61.030; 20.890; 0.0
61.030; 20.840; 0.0
61.040; 20.760; 0.0
61.050; 20.690; 0.0
60.800;  4.700; 0.0
60.800;  4.700; 0.0
58.300;  8.700; 0.0
61.100; 20.300; 0.0
61.100; 20.200; 0.0
61.100; 20.100; 0.0
61.200; 19.700; 0.0
61.200; 19.700; 0.0
61.100; 19.800; 0.0
58.300;  8.700; 0.0
60.800;  4.700; 0.0
58.300;  8.700; 0.0
69.300; 30.800; 0.0
60.800;  5.800; 0.0
61.000; 20.800; 0.0
61.000; 20.900; 0.0
61.000; 21.100; 0.0
73.250; 13.000; 0.0
67.900; 32.500; 0.0
68.100; 31.600; 0.0
62.900; 11.300; 0.0
61.100; 20.300; 0.0
61.100; 20.400; 0.0
61.100; 20.600; 0.0
61.200; 19.600; 0.0
61.200; 19.600; 0.0
61.200; 19.500; 0.0
61.200; 19.400; 0.0
79.300; -3.100;33.0
68.000; 30.500; 0.0
66.400; 14.800; 0.0
61.300; 18.200; 0.0
61.300; 18.300; 0.0
61.300; 18.400; 0.0
61.300; 18.500; 0.0
61.200; 18.700; 0.0
61.200; 18.700; 0.0
61.200; 18.600; 0.0
61.300; 18.500; 0.0
61.300; 18.500; 0.0
61.200; 18.700; 0.0
61.200; 18.800; 0.0
61.200; 18.900; 0.0
61.200; 18.900; 0.0
61.200; 18.900; 0.0
61.200; 19.000; 0.0
61.200; 19.100; 0.0
61.200; 19.200; 0.0
58.600; 18.000; 0.0
58.600; 18.000; 0.0
61.200; 19.200; 0.0
61.200; 19.300; 0.0
61.200; 19.300; 0.0
61.200; 19.400; 0.0
68.000; 32.000; 0.0
68.900; 30.100; 0.0
69.000; 14.800; 0.0
67.500; 15.300; 0.0
72.000; -2.300;33.0
80.000;  5.400;33.0
57.900;  8.400;15.0
77.600; 17.900;33.0
67.900; 32.600; 0.0
73.100;  8.600;42.0
56.500; 10.600; 0.0
79.600;  4.800;33.0
73.400;  8.500;33.0
58.060;  7.620; 0.0
67.300; 32.100; 0.0
68.800; 30.200; 0.0
58.000;  3.700; 0.0
62.100;  5.200; 0.0
67.000; 31.500; 0.0
66.700; 33.200; 0.0
67.300; 10.800; 0.0
67.800; 32.400; 0.0
67.400; 29.600; 0.0
66.400; 14.600; 0.0
67.500; 32.700; 0.0
73.900;  9.000;32.0
69.100; 30.400; 0.0
68.100; 31.600; 0.0
65.700; 27.400; 0.0
65.700; 27.400; 0.0
66.900; 31.600; 0.0
67.500; 29.900; 0.0
57.800;  8.200;15.0
69.400; 30.000; 0.0
72.000;  0.200;49.0
66.500; 14.600; 0.0
67.900; 32.600; 0.0
78.610;  4.000;33.0
67.900; 32.600; 0.0
66.500; 14.600; 0.0
67.900; 32.600; 0.0
66.800; 16.900; 0.0
67.300; 29.800; 0.0
63.700;  7.600; 0.0
67.800; 32.600; 0.0
67.500; 29.800; 0.0
69.400; 30.000; 0.0
60.700; 16.600; 0.0
69.400; 30.000; 0.0
71.680; -2.600;33.0
71.130; -5.500;48.0
68.600; 29.200; 0.0
68.700; 30.400; 0.0
69.000; 29.800; 0.0
67.800; 30.400; 0.0
67.400; 29.800; 0.0
74.280;  9.200;33.0
67.700; 32.600; 0.0
67.800; 31.400; 0.0
71.850; -2.700;33.0
66.500; 14.300; 0.0
68.800; 30.500; 0.0
67.500; 29.800; 0.0
69.300; 30.100; 0.0
61.500; 16.600; 0.0
67.400; 30.200; 0.0
68.000; 32.000; 0.0
66.500; 14.300; 0.0
68.900; 29.600; 0.0
67.100; 20.300; 0.0
68.000; 32.000; 0.0
67.600; 32.200; 0.0
69.000; 28.000; 0.0
69.100; 29.600; 0.0
67.400; 29.700; 0.0
58.500; 13.900; 0.0
73.530;  8.300;33.0
68.200; 32.100; 0.0
66.400; 13.000; 0.0
66.400; 13.000; 0.0
69.000; 30.000; 0.0
67.900; 31.900; 0.0
68.900; 30.300; 0.0
81.800; -6.000;33.0
67.800; 32.000; 0.0
68.900; 30.400; 0.0
66.400; 14.600; 0.0
66.400; 14.600; 0.0
67.600; 32.200; 0.0
68.000; 31.600; 0.0
67.900; 32.600; 0.0
66.900; 17.400; 0.0
71.190; -7.000;33.0
68.000; 32.100; 0.0
61.700; 20.300; 0.0
80.000; -4.000; 0.0
61.800; 20.700; 0.0
72.660;  3.300;33.0
67.500; 32.700; 0.0
67.700; 32.400; 0.0
68.800; 30.400; 0.0
73.300;  7.700;33.0
73.230;  7.200;33.0
79.630;  4.100; 0.0
73.000;  7.000;33.0
68.100; 32.400; 0.0
64.800; 18.000; 0.0
60.450;  5.000; 0.0
66.400; 14.600; 0.0
71.590; -3.100;33.0
61.300; 19.500; 0.0
56.250; 21.000; 0.0
67.700; 17.100; 0.0
68.200; 31.800; 0.0
73.160;  7.700;33.0
67.200; 11.100; 0.0
66.400; 14.600; 0.0
62.660;  5.300; 0.0
66.600; 14.100; 0.0
67.100; 33.800; 0.0
68.800; 19.300; 0.0
67.900; 33.000; 0.0
69.600; 30.500; 0.0
67.290; 10.200;41.0
69.600; 30.500; 0.0
61.200; 19.400; 0.0
71.300; -6.300;33.0
67.900; 32.700; 0.0
81.100; 11.000;33.0
73.900; 10.100; 0.0
79.700; -9.000;91.0
68.000; 32.900; 0.0
71.700;  0.700;33.0
72.400; -6.500;33.0
57.900;  8.300;15.0
66.800; 19.300; 0.0
72.600; -1.600;33.0
68.300; 33.000; 0.0
73.100;  5.800;33.0
73.230;  6.400;33.0
66.700; 19.600; 0.0
67.800; 32.600; 0.0
71.240; -6.300;33.0
71.420; -2.800;33.0
68.100; 32.700; 0.0
71.850;-11.500;33.0
67.500; 30.100; 0.0
66.900; 19.000; 0.0
69.200; 30.500; 0.0
66.900; 19.100; 0.0
71.400; -2.000;33.0
71.530; -3.100;33.0
71.620; -2.800;33.0
71.550; -3.000;33.0
71.520; -3.100;33.0
68.000; 32.500; 0.0
61.700; 30.000; 0.0
62.800;  6.000;15.0
58.000; 10.500; 0.0
61.300; 27.800; 0.0
58.440; 14.000; 0.0
68.000; 32.600; 0.0
60.000;  5.200; 0.0
73.390;  8.100;33.0
73.170;  7.200;33.0
76.320;  9.900;33.0
68.200; 32.900; 0.0
61.800; 30.200; 0.0
60.700; 21.600; 0.0
66.690; 14.600; 0.0
61.500; 30.100; 0.0
67.900; 32.800; 0.0
57.900; 19.200; 0.0
67.300; 33.000; 0.0
64.600; 21.500; 0.0
67.300; 29.800; 0.0
65.200; 22.000; 0.0
67.700; 32.800; 0.0
66.400; 14.700; 0.0
67.500; 33.100; 0.0
57.500; 23.400; 0.0
67.800; 30.800; 0.0
67.700; 32.800; 0.0
67.300; 28.100; 0.0
61.120;  5.320; 0.0
60.120;  7.320; 0.0
62.700;  7.300; 0.0
66.400; 14.300; 0.0
63.000;  6.600; 0.0
73.210;  6.500;33.0
73.120;  6.000;31.0
61.200; 21.300; 0.0
61.300; 20.400; 0.0
61.100; 20.900; 0.0
66.400; 14.800; 0.0
78.210;  3.300; 0.0
77.700; 10.000;33.0
78.500;  5.800; 0.0
73.310;  6.700;30.0
68.000; 32.900; 0.0
70.850;-14.080; 9.0
59.600; 24.200; 0.0
67.900; 32.900; 0.0
78.720;  7.000; 0.0
67.300; 30.200; 0.0
68.000; 20.630;28.0
67.900; 33.200; 0.0
66.400; 25.400; 0.0
67.600; 20.900; 0.0
67.400; 31.400; 0.0
67.600; 32.800; 0.0
68.800; 31.100; 0.0
75.600; 11.000;33.0
71.500; 19.000; 0.0
58.600; 13.500; 0.0
59.660; 13.240;26.0
58.700;  9.800; 0.0
60.700; 17.700; 0.0
79.560;  3.800; 0.0
58.400;  9.909; 0.0
66.300; 13.200; 0.0
59.300; 26.400; 0.0
59.200; 26.100; 0.0
69.800; 32.000; 0.0
59.200; 26.100; 0.0
67.800; 32.600; 0.0
67.500; 30.400; 0.0
67.100; 33.400; 0.0
67.700; 32.800; 0.0
67.500; 33.500; 0.0
57.800;  7.500; 0.0
60.900; 17.700; 0.0
68.100; 32.900; 0.0
67.500; 30.000; 0.0
61.200;  7.400; 0.0
67.900; 32.600; 0.0
82.000; -7.000;33.0
69.500; 33.400; 0.0
67.900; 32.800; 0.0
67.300; 33.300; 0.0
74.000; -3.000;33.0
67.700; 32.800; 0.0
64.400;  5.300; 0.0
67.300; 26.300; 5.0
65.150; 22.300; 0.0
58.100;  9.100; 0.0
68.250; 20.600; 0.0
63.380; 19.500; 0.0
58.300; 14.400; 0.0
68.100; 32.600; 0.0
73.900;  7.300;33.0
62.000; 20.000; 0.0
61.800;  4.500; 0.0
73.920;  9.900;33.0
68.300; 16.900; 0.0
72.000;  0.600;33.0
68.800; 31.400; 0.0
72.700;  3.300;33.0
59.900; 24.300; 0.0
59.900; 24.300; 0.0
67.400; 30.000; 0.0
66.500; 14.600; 0.0
58.500; 11.300; 0.0
68.800; 30.900; 0.0
58.500; 11.300; 0.0
58.500; 11.300; 0.0
67.900; 32.800; 0.0
59.800; 24.300; 0.0
60.700; 10.400; 0.0
58.500; 11.300; 0.0
58.500; 11.300; 0.0
58.500; 11.300; 0.0
60.200;  6.600; 0.0
66.480; 33.900;17.0
67.400; 33.000; 0.0
73.010;  5.900;33.0
64.270; 23.250; 0.0
67.400; 20.800; 0.0
71.100; -5.800;33.0
64.230; 22.770; 0.0
62.500;  5.600; 0.0
71.500; -8.000;33.0
71.600; -5.100;33.0
71.300; -5.600;33.0
64.300; 23.710; 0.0
64.330; 22.860; 0.0
64.270; 23.230; 0.0
64.280; 22.410; 0.0
64.630; 23.280; 0.0
64.750; 24.200; 0.0
65.170; 24.190; 0.0
64.760; 24.200; 0.0
60.970; 12.810; 0.0
65.170; 24.190; 0.0
59.220; 14.530; 0.0
60.970; 12.810; 0.0
65.200; 16.200; 0.0
65.230; 24.050; 0.0
66.400; 14.200; 0.0
60.970; 12.810; 0.0
64.950; 24.190; 0.0
64.560; 24.190; 0.0
65.370; 24.190; 0.0
64.960; 24.200; 0.0
60.970; 12.810; 0.0
78.480;  7.000; 0.0
65.100; 24.500; 0.0
65.060; 23.770; 0.0
64.480; 23.000; 0.0
59.800; 24.300; 0.0
59.220; 14.530; 0.0
60.970; 12.810; 0.0
67.200; 33.300; 0.0
67.300; 31.600; 0.0
59.000; 14.400; 0.0
80.300; -2.600;33.0
59.000; 14.400; 0.0
67.780; 10.600; 0.0
59.500; 25.600; 0.0
60.880; 15.000; 0.0
63.000;  6.700; 0.0
63.000;  7.300; 0.0
60.800; 20.060; 0.0
60.900; 19.700; 0.0
66.900; 14.000; 0.0
60.930; 20.100; 0.0
60.100; 23.400; 0.0
60.100; 23.400; 0.0
60.980; 19.780; 0.0
61.000; 20.300; 0.0
60.830;  4.830; 0.0
61.700; 20.300; 0.0
61.470;  5.110; 0.0
61.200; 21.200; 0.0
60.570;  0.980; 0.0
59.490;  5.860; 0.0
59.490;  5.860; 0.0
67.200; 28.500; 0.0
67.200; 33.400; 0.0
60.100; 23.400; 0.0
74.300; 10.100;33.0
79.500; -2.000;33.0
66.000; 26.500; 0.0
73.220;  6.700;33.0
57.300; 24.400; 0.0
59.700; 21.800; 0.0
59.700; 21.800; 0.0
59.700; 21.800; 0.0
59.700; 21.800; 0.0
58.700; -6.500;33.0
71.180; -8.140;33.0
71.260; -8.340; 0.0
71.000; -8.000;33.0
71.000; -8.000;33.0
74.400;  9.600;33.0
67.500; 28.400; 0.0
58.900; 10.100; 0.0
67.300; 13.600; 0.0
64.200; 11.800; 0.0
59.000;  2.400; 0.0
60.500; 13.600; 0.0
57.700; 18.200; 0.0
57.700; 18.200; 0.0
70.700; 15.800;33.0
70.460; 17.100;37.0
77.000; 32.000; 0.0
67.300; 33.700; 0.0
57.300;  4.700;15.0
61.900;  4.709; 0.0
58.500; 13.800; 0.0
64.800; 21.300; 0.0
66.400; 15.200; 0.0
67.400; 30.100; 0.0
69.100; 30.300; 0.0
67.500; 29.800; 0.0
58.200; 10.100; 0.0
71.570; -8.500;33.0
69.100; 30.600; 0.0
67.500; 30.000; 0.0
67.500; 30.000; 0.0
69.100; 33.800; 0.0
71.180; -6.000;33.0
58.400; 12.200; 0.0
66.800; 19.000; 0.0
66.300; 14.700; 0.0
69.200; 33.100; 0.0
59.800; 23.400; 0.0
67.200; 32.800; 0.0
58.500; 18.600; 0.0
74.410;  9.100;33.0
71.000; -4.700;33.0
65.400; 22.300; 0.0
61.400; 29.400; 0.0
79.810;  2.900; 0.0
62.430; 17.100; 0.0
61.840; 14.420; 0.0
61.400; 29.800; 0.0
66.400; 14.600; 0.0
71.500; 11.200; 0.0
73.250;  7.400;33.0
59.700; 10.400; 0.0
66.000; 27.500; 0.0
59.500; 21.400; 0.0
72.660;  8.140;33.0
72.430;  8.800;85.0
80.200; -0.700;16.0
68.900; 15.800; 0.0
67.600; 32.800; 0.0
80.300; -2.500;33.0
60.690; 17.610;28.0
59.040; 13.740;15.0
66.640; 23.310; 0.0
81.000;  4.000;33.0
68.200; 14.500; 0.0
67.100; 33.900; 0.0
67.600; 30.100; 0.0
71.330; -7.300; 0.0
66.400; 14.800; 0.0
60.700; 16.800; 0.0
66.200; 25.300; 0.0
66.400; 14.800; 0.0
71.840; -1.300;33.0
72.170; -0.400;33.0
67.500; 31.500; 0.0
72.950;  5.100;11.0
72.840;  4.900; 0.0
72.220;  1.550;33.0
80.110; -2.900;33.0
65.900;  4.700; 0.0
63.000; 10.400; 0.0
66.400; 14.800; 0.0
67.200; 33.200; 0.0
66.400; 14.800; 0.0
69.200; 28.500; 0.0
69.200; 31.200; 0.0
57.900;  8.000; 0.0
58.000;  6.600; 0.0
60.000; 10.700; 0.0
58.900; 17.400; 0.0
66.400; 14.800; 0.0
81.100;-11.000;33.0
66.900; 31.200; 0.0
67.800; 14.400; 0.0
68.900; 30.300; 0.0
66.400; 14.800; 0.0
69.000; 31.000; 0.0
57.330; 12.330;16.0
55.000; -7.800;33.0
66.400; 14.800; 0.0
69.400; 30.000; 0.0
67.600; 33.000; 0.0
72.070;  0.100;33.0
58.700; 17.800; 0.0
71.840; -1.000; 0.0
67.200; 33.300; 0.0
66.400; 14.800; 0.0
67.500; 29.800; 0.0
68.800; 30.800; 0.0
67.100; 31.200; 0.0
67.500; 31.000; 0.0
71.680; -3.200;32.0
71.510; -4.020; 0.0
71.600; -3.600;33.0
71.570; -3.500;33.0
67.400; 34.000; 0.0
58.700; 13.100; 0.0
66.400; 14.800; 0.0
65.109; 12.300; 0.0
67.300; 32.900; 0.0
71.440; -3.200; 0.0
60.100; 24.400; 0.0
70.810;  7.400; 0.0
66.400; 14.800; 0.0
60.590; 15.930;16.0
67.500; 33.200; 0.0
73.070;  7.000; 0.0
66.400; 14.800; 0.0
67.100; 34.300; 0.0
66.400; 14.800; 0.0
59.900; 10.700; 0.0
66.400; 14.800; 0.0
81.520; -3.400; 0.0
66.900; 23.000; 0.0
67.200; 32.800; 0.0
56.700; 10.800; 0.0
67.500; 30.000; 0.0
67.100; 32.900; 0.0
59.900; 23.500; 0.0
58.700; 18.600; 0.0
59.600; 10.700; 0.0
69.100; 30.600; 0.0
67.300; 33.400; 0.0
67.300; 33.400; 0.0
68.900; 31.200; 0.0
67.400; 30.100; 0.0
67.400; 32.900; 0.0
71.740; -1.700;33.0
57.900;  8.300;15.0
66.200; 22.300; 0.0
66.400; 14.800; 0.0
67.300; 33.000; 0.0
69.100; 28.500; 0.0
67.500; 26.600; 0.0
66.400; 14.800; 0.0
69.500; 30.000; 0.0
67.300; 33.400; 0.0
58.300; 14.100; 0.0
81.200; -3.500;33.0
67.500; 30.000; 0.0
66.400; 14.800; 0.0
69.100; 30.600; 0.0
76.850; 10.700;33.0
67.300; 33.000; 0.0
71.620; -2.100;33.0
66.400; 14.800; 0.0
67.400; 30.000; 0.0
67.400; 33.000; 0.0
66.400; 14.800; 0.0
68.410; 20.790;22.0
63.400; 21.400; 0.0
66.400; 14.800; 0.0
67.100; 33.100; 0.0
67.400; 30.300; 0.0
71.090; -5.800;33.0
64.400; 20.800;14.0
56.400; 14.200; 0.0
66.400; 14.800; 0.0
66.900; 12.600; 0.0
69.100; 30.600; 0.0
66.400; 14.800; 0.0
72.290;  1.300;30.0
61.900;  4.500; 0.0
61.900;  5.500; 0.0
66.400; 14.800; 0.0
67.300; 30.300; 0.0
67.300; 31.300; 0.0
67.600; 30.300; 0.0
58.400; 14.000; 0.0
67.300; 33.200; 0.0
56.400; 11.700; 0.0
56.400; 11.700; 0.0
56.400; 11.700; 0.0
67.800; 32.700; 0.0
76.190;  9.800;33.0
67.400; 33.000; 0.0
66.400; 14.800; 0.0
66.400; 14.800; 0.0
67.300; 33.200; 0.0
58.400; 10.800; 0.0
58.400; 10.800; 0.0
58.400; 10.800; 0.0
58.400; 10.800; 0.0
58.400; 10.800; 0.0
58.400; 10.800; 0.0
58.400; 10.800; 0.0
58.400; 10.800; 0.0
67.300; 33.000; 0.0
58.500; 13.700; 0.0
66.400; 14.800; 0.0
61.700;  5.400; 0.0
66.700; 14.000; 0.0
69.000; 31.100; 0.0
68.800; 30.000; 0.0
69.100; 30.200; 0.0
66.400; 14.800; 0.0
67.400; 31.300; 0.0
67.500; 29.300; 0.0
79.900;  6.000;33.0
66.400; 14.800; 0.0
67.400; 28.300; 0.0
68.700; 31.300; 0.0
73.030;  5.700;33.0
59.900; 10.800; 0.0
66.000; 26.700; 0.0
59.200; 11.100; 0.0
66.400; 14.800; 0.0
67.300; 28.000; 0.0
76.500;  9.000;33.0
76.500;  8.000;33.0
76.390;  9.100;33.0
66.400; 14.800; 0.0
66.700; 12.800; 0.0
66.400; 14.800; 0.0
67.500; 33.200; 0.0
66.400; 14.800; 0.0
61.500; 29.500; 0.0
60.400;  4.600; 0.0
58.000;  6.800; 0.0
66.400; 14.800; 0.0
66.400; 14.800; 0.0
69.300; 30.000; 0.0
65.200; 20.100; 0.0
65.500; 21.200; 0.0
67.500; 24.000; 0.0
58.570; 14.000; 0.0
68.109; 16.000; 0.0
67.000; 23.800; 0.0
66.400; 14.800; 0.0
62.300;  5.400;15.0
67.500; 29.900; 0.0
67.900; 19.400; 0.0
67.900; 19.400; 0.0
79.450;  3.100;33.0
66.400; 14.800; 0.0
66.400; 14.800; 0.0
66.400; 14.800; 0.0
58.700;  7.200; 0.0
67.400; 33.400; 0.0
61.900; 29.700; 0.0
67.500; 33.400; 0.0
58.700; 18.700; 0.0
58.700; 18.700; 0.0
58.700; 18.700; 0.0
58.700; 18.700; 0.0
59.400; 22.700; 0.0
66.400; 14.800; 0.0
67.400; 34.300; 0.0
67.600; 33.100; 0.0
67.500; 33.100; 0.0
61.400;  4.000; 0.0
66.400; 14.800; 0.0
67.800; 32.600; 0.0
59.530; 12.750; 0.0
66.800; 17.400; 0.0
66.400; 14.800; 0.0
58.400;  6.600; 0.0
66.400; 14.800; 0.0
66.400; 14.800; 0.0
68.900; 32.900; 0.0
60.000;  5.900; 0.0
60.000;  5.900; 0.0
66.400; 14.800; 0.0
67.300; 33.200; 0.0
68.800; 30.500; 0.0
67.400; 30.000; 0.0
66.400; 14.800; 0.0
71.790; -3.600;33.0
67.300; 33.100; 0.0
66.400; 14.800; 0.0
66.400; 14.800; 0.0
66.500; 32.600; 0.0
57.900; 11.800; 0.0
66.400; 14.800; 0.0
57.900; 11.500; 0.0
57.900; 11.500; 0.0
57.900; 11.500; 0.0
69.500; 29.900; 0.0
66.400; 14.800; 0.0
69.300; 28.000; 0.0
67.200; 33.000; 0.0
67.200; 33.000; 0.0
58.400;  6.600; 0.0
58.100; 12.700; 0.0
57.700; 11.800; 0.0
68.700; 30.800; 0.0
58.400; 16.000; 0.0
79.400;  3.000;33.0
73.000;  7.200; 0.0
66.400; 14.800; 0.0
72.000; -1.000; 0.0
67.000; 33.100; 0.0
68.000; 21.600; 0.0
76.320;  7.900;24.0
58.300; 10.500; 0.0
67.500; 32.600; 0.0
65.813; 15.518; 0.0
67.434; 28.366; 0.0
      ;       ; 0.0
66.449; 14.055; 0.0
67.778;  6.771; 0.0
67.466; 34.536; 0.0
66.292; 14.528; 0.0
      ;       ; 0.0
73.723; 13.819;15.0
      ;       ; 0.0
65.768; 15.767; 0.0
      ;       ; 0.0
      ;       ; 0.0
      ;       ; 0.0
68.090; 18.831;15.0
68.380; 24.717;15.0
58.616; 13.389;15.0
68.350; 21.272; 0.0
67.694; 10.608; 0.1
67.515; 30.060; 0.0
75.488; -9.098; 0.0
69.145;  3.089; 0.0
59.485; 12.986;22.9
      ;       ; 0.0
58.667; 15.622;12.2
      ;       ;    
66.360; 10.656; 0.0
66.313; 14.613; 0.0
61.581;  3.984;15.0
76.763; 12.830;22.5
65.763; 15.715; 0.0
      ;       ; 0.0
      ;       ; 0.0
      ;       ; 0.0
      ;       ; 0.0
      ;       ;    
67.959; 10.396;15.0
71.014; -6.966;31.0
      ;       ; 0.0
      ;       ;    
59.701; 14.751;12.2
73.958;  6.102; 0.0
66.388; 26.173; 0.0
      ;       ; 0.0
66.479; 13.952; 0.0
      ;       ; 0.0
65.795; 15.223; 0.0
      ;       ; 0.0
      ;       ; 0.0
      ;       ; 0.0
67.278; 26.651;15.0
67.651; 21.006; 0.0
67.882; 11.314; 0.0
66.451; 14.160; 0.0
      ;       ; 0.0
66.419; 14.154; 0.0
      ;       ; 0.0
      ;       ; 0.0
      ;       ; 0.0
66.507; 13.931; 0.0
      ;       ; 0.0
59.698; 24.801; 0.0
57.094;  6.622; 5.9
      ;       ;    
      ;       ; 0.0
59.383; 26.013; 0.0
59.640; 25.133; 0.0
      ;       ;    
      ;       ; 0.0
67.590; 33.035; 0.0
65.725; 15.683; 0.0
74.383; 14.486;30.8
65.449; 24.631;15.0
59.843; 24.489; 0.0
      ;       ; 0.0
59.680; 25.139; 0.0
65.849; 15.480; 0.0
      ;       ; 0.0
      ;       ;    
65.678; 15.743; 0.0
      ;       ; 0.0
      ;       ; 0.0
      ;       ; 0.0
      ;       ; 0.0
      ;       ;    
      ;       ;    
      ;       ;    
66.267; 14.519; 0.0
      ;       ; 0.0
58.362; 15.942; 0.0
      ;       ;    
      ;       ; 0.0
58.521; 17.717; 0.0
67.032; 20.698; 0.0
      ;       ; 0.0
      ;       ;    
      ;       ; 0.0
      ;       ; 0.0
      ;       ; 0.0
      ;       ; 0.0
67.507;  5.993; 0.0
      ;       ; 0.0
      ;       ; 0.0
55.589; 15.286; 0.0
      ;       ; 0.0
      ;       ;    
66.526; 13.814; 0.0
      ;       ; 0.0
59.547; 25.740; 0.0
72.174; 22.483;15.0
73.591;  6.365; 0.0
73.946;  7.611; 0.0
      ;       ; 0.0
      ;       ;    
68.300; 34.050; 0.0
68.329; -1.934; 0.0
      ;       ; 0.0
      ;       ; 0.0
56.124; 10.300; 0.1
67.036; 20.649; 0.0
72.484; -6.989;11.0
      ;       ; 0.0
      ;       ;    
      ;       ; 0.0
58.513; 18.043;15.0
      ;       ;    
      ;       ;    
      ;       ;    
      ;       ; 0.0
66.368; 14.380; 0.0
59.703; 21.243; 0.0
      ;       ; 0.0
      ;       ;    
      ;       ;    
      ;       ; 0.0
58.296;  6.201;12.2
      ;       ;    
      ;       ; 0.0
      ;       ;    
60.612; 16.524; 0.0
67.553; 20.019; 0.0
59.638; 24.744; 0.0
      ;       ;    
      ;       ; 0.0
      ;       ;    
      ;       ;    
      ;       ; 0.0
      ;       ; 0.0
      ;       ;    
      ;       ;    
59.714; 25.065; 0.0
59.934;  6.559;12.1
      ;       ;    
      ;       ;    
      ;       ; 0.0
57.957; 11.961; 0.0
      ;       ;    
59.868;  6.181;15.0
      ;       ; 0.0
      ;       ; 0.0
66.311; 28.934; 0.0
67.649; 33.687; 0.0
      ;       ;    
59.775; 10.001; 0.0
      ;       ; 0.0
      ;       ;    
62.169;  3.529;23.0
67.670; 19.812; 0.0
59.654;  9.730;15.0
65.642; 16.832; 0.0
      ;       ;    
66.647; 13.740; 0.0
      ;       ;    
      ;       ;    
68.130; 22.441; 0.0
      ;       ; 0.0
59.821; 24.550; 0.0
60.204;  6.433; 0.0
      ;       ;    
68.342; 32.206; 0.0
66.877; 23.008; 0.0
      ;       ;    
65.305; 14.795; 0.0
      ;       ; 0.0
      ;       ; 0.0
      ;       ;    
      ;       ;    
      ;       ; 0.0
59.865;  6.146;23.0
68.262; 33.522; 0.0
      ;       ;    
      ;       ; 0.0
58.418; 13.973; 0.0
      ;       ; 0.0
67.027; 20.544; 0.0
      ;       ;    
66.607; 13.355;15.0
      ;       ; 0.0
      ;       ;    
74.492; 11.579; 0.0
      ;       ;    
      ;       ; 0.0
      ;       ; 0.0
      ;       ; 0.0
69.961;-18.054;33.0
      ;       ; 0.0
63.916; 11.048;18.6
67.457; 34.081; 0.0
67.525; 34.281; 0.0
57.976; 18.989; 0.0
68.878; 31.858; 0.0
68.269; 16.516;15.0
      ;       ; 0.0
69.753; 27.801; 0.0
58.751; 18.324; 0.0
      ;       ; 0.0
65.369; 27.213;15.0
      ;       ; 0.0
67.814; 32.227; 0.0
      ;       ; 0.0
      ;       ; 0.0
64.671; 10.473;15.0
58.447;  9.602;12.8
58.359;  9.909;15.0
      ;       ;    
66.301; 6.5011; 6.0
67.039; 20.721; 0.0
57.683; 11.077;15.0
57.694; 10.748;15.0
60.753; 18.317; 0.0
57.941; 11.298;15.0
65.041;  6.621; 0.0
61.479; 30.150; 0.0
57.687; 25.961; 0.0
59.591; 20.839; 0.0
67.478; 27.246; 0.0
      ;       ; 0.0
66.803; 13.977; 0.0
57.165;  7.146;15.0
      ;       ;    
70.614; 18.854;15.0
      ;       ; 0.0
67.295; 28.820; 0.0
73.146;  7.180;31.0
      ;       ; 0.0
76.845; 12.752;10.0
      ;       ; 0.0
      ;       ; 0.0
60.843;  9.135;15.0
65.266;  5.989; 0.0
      ;       ; 0.0
60.675; 19.033; 0.0
      ;       ; 0.0
61.196;  4.154;17.4
69.624; 30.337;31.0
      ;       ; 0.0
71.911; 34.869; 0.1
65.348; 22.151;12.1
      ;       ;    
61.203; 19.442; 0.0
69.691; 30.567; 0.0
66.140; 14.928; 0.0
      ;       ;    
60.251;  4.399;12.2
67.548; 33.966; 0.0
67.493; 30.548; 0.0
71.576; -3.096;31.0
68.001; 18.297; 0.0
      ;       ; 0.0
      ;       ; 0.0
      ;       ; 0.0
      ;       ; 0.0
      ;       ; 0.0
      ;       ; 0.0
      ;       ; 0.0
66.900; 13.700; 0.0
66.800; 13.700; 0.0
62.200;  6.400; 0.0
81.520; -5.700;33.0
58.000; 11.700; 0.0
65.300; 31.800; 0.0
72.800;  7.300;33.0
67.500; 33.400; 0.0
68.500; 11.300; 0.0
69.200; 30.600; 0.0
67.500; 33.400; 0.0
67.500; 33.400; 0.0
59.700; 25.600; 0.0
69.000; 30.700; 0.0
67.500; 33.400; 0.0
67.600; 33.100; 0.0
66.400; 12.200; 0.0
67.500; 33.100; 0.0
59.900;  6.400; 0.0
66.500; 33.000; 0.0
67.600; 32.700; 0.0
68.900; 30.500; 0.0
67.500; 33.300; 0.0
66.300; 14.600; 0.0
59.200;-13.800;33.0
68.100; 33.300; 0.0
69.300; 30.500; 0.0
55.700; 15.600; 0.0
55.700; 15.600; 0.0
55.700; 15.600; 0.0
73.200;  6.200;33.0
55.400; 15.800; 0.0
80.800; -5.100;33.0
67.700; 33.700; 0.0
66.500; 14.400; 0.0
80.600; -0.900;33.0
66.500; 13.900; 0.0
67.500; 33.400; 0.0
69.100; 30.700; 0.0
71.230;  8.120; 0.0
66.400; 14.800; 0.0
60.380;  1.300; 0.0
67.400; 33.200; 0.0
60.800;  3.400; 0.0
66.400; 14.500; 0.0
66.200; 29.000; 0.0
71.500;  6.000; 0.0
67.700; 33.400; 0.0
65.000; 27.300; 0.0
68.900; 30.800; 0.0
52.000; 17.500; 0.0
67.600; 32.800; 0.0
67.500; 33.400; 0.0
56.540; 12.690; 0.0
67.500; 33.300; 0.0
67.000; 14.200; 0.0
58.100; 15.600; 0.0
67.500; 20.100; 0.0
59.600;  9.680; 0.0
66.520; 13.500; 0.0
58.500; 10.400; 0.0
58.500;  9.409; 0.0
67.600; 33.200; 0.0
58.450; 13.520; 0.0
69.000; 30.300; 0.0
59.500;  6.300; 0.0
58.900; 13.500; 0.0
58.900; 13.500; 0.0
67.200; 33.200; 0.0
72.850;  3.800; 0.0
64.800; 21.300; 0.0
67.800; 24.000; 0.0
67.600; 33.100; 0.0
59.700; 25.600; 0.0
67.400; 33.300; 0.0
67.400; 33.300; 0.0
58.000; 11.800; 0.0
59.100; 10.700; 0.0
67.700; 32.800; 0.0
59.700; 25.600; 0.0
64.300; 11.700; 0.0
59.500;  5.000; 0.0
58.500; 12.700; 0.0
67.500; 33.400; 0.0
66.400; 14.800; 0.0
79.300;  3.000; 0.0
58.500; 10.400; 0.0
58.500; 10.400; 0.0
58.500; 10.400; 0.0
66.900; 13.300; 0.0
69.500; 30.000; 0.0
67.300; 33.500; 0.0
59.700; 25.600; 0.0
68.200; 16.100; 0.0
68.800; 31.300; 0.0
67.600; 33.100; 0.0
69.800; 20.000; 0.0
60.400;  5.900; 0.0
59.300; 24.200; 0.0
71.300; 19.600; 0.0
70.400; 21.100; 0.0
66.400; 14.800; 0.0
60.400;  5.900; 0.0
66.600; 32.700; 0.0
58.500;  6.700; 0.0
68.200; 29.800; 0.0
67.700; 33.300; 0.0
69.500; 30.400; 0.0
66.400; 14.800; 0.0
58.700; 22.000; 0.0
58.700; 22.000; 0.0
67.400; 33.500; 0.0
80.200; -0.800; 4.0
69.100; 31.000; 0.0
79.660;  2.400;33.0
61.500; 12.000; 0.0
55.000; 10.700; 0.0
66.300; 14.600; 0.0
78.000; 31.000; 0.0
67.500; 30.100; 0.0
68.000; 15.700; 0.0
68.100; 15.400; 0.0
67.500; 33.600; 0.0
68.600; 30.500; 0.0
81.460; -5.200;33.0
61.050; 12.770; 1.0
68.200; 15.800; 0.0
58.000; 18.500; 0.0
67.200; 33.200; 0.0
68.100; 29.600; 0.0
67.400; 33.300; 0.0
67.500; 33.300; 0.0
59.700; 25.600; 0.0
79.160;  2.300; 0.0
67.600; 33.200; 0.0
69.200; 30.600; 0.0
59.700; 25.600; 0.0
59.830; 13.520; 0.0
66.400; 14.800; 0.0
58.800; 18.300; 0.0
58.800; 18.300; 0.0
58.800; 18.300; 0.0
58.800; 12.300; 0.0
66.400; 14.800; 0.0
59.000; 11.100; 0.0
69.400; 30.000; 0.0
66.500; 14.000; 0.0
67.600; 33.200; 0.0
59.700; 25.600; 0.0
59.500; 10.400; 0.0
59.300; 10.800; 0.0
59.500; 21.400; 0.0
59.800; 10.200; 0.0
69.300; 30.500; 0.0
62.000; 17.500; 0.0
65.110; 22.130;15.0
58.600; 18.300; 0.0
59.700; 25.600; 0.0
55.400; 15.600; 0.0
60.000; 14.900; 0.0
66.700; 33.000; 0.0
59.700; 25.600; 0.0
54.500; 19.000; 0.0
67.400; 32.900; 0.0
57.700;  7.000; 0.0
69.200; 35.100; 0.0
61.000; 31.300; 0.0
67.100; 32.800; 0.0
67.000; 33.900; 0.0
69.400; 30.000; 0.0
59.700; 25.600; 0.0
59.700; 25.600; 0.0
69.300; 31.100; 0.0
67.500; 30.000; 0.0
67.300; 33.000; 0.0
67.500; 33.300; 0.0
58.700; 22.700; 0.0
69.400; 30.500; 0.0
59.700; 25.600; 0.0
55.600; 15.600; 0.0
55.600; 15.600; 0.0
55.600; 15.600; 0.0
66.400; 14.800; 0.0
67.400; 29.700; 0.0
59.700; 25.600; 0.0
59.700; 25.600; 0.0
69.000; 30.300; 0.0
67.400; 33.300; 0.0
68.900; 31.100; 0.0
56.000; 11.500; 0.0
66.300; 14.500; 0.0
73.500; 16.800;33.0
67.400; 33.200; 0.0
58.600; 13.700; 0.0
72.480;  2.200;33.0
67.500; 33.300; 0.0
59.700; 25.600; 0.0
56.500; 20.600; 0.0
56.500; 20.600; 0.0
66.300; 14.600; 0.0
66.400; 31.500; 0.0
59.700; 25.600; 0.0
68.900; 30.800; 0.0
77.300; 17.000; 0.0
67.500; 32.600; 0.0
67.500; 32.600; 0.0
57.600; 10.400; 0.0
58.400; 18.100; 0.0
58.400; 18.100; 0.0
58.600; 13.300; 0.0
59.300; 24.100; 0.0
59.430; 22.400; 0.0
59.700; 25.600; 0.0
73.640;  8.700;33.0
59.700; 25.600; 0.0
58.300;  6.900; 0.0
69.400; 29.700; 0.0
66.400; 14.400; 0.0
72.110; -0.400; 0.0
67.200; 33.100; 0.0
66.400; 14.400; 0.0
54.500; -2.300;10.0
59.300; 24.100; 0.0
59.700; 25.600; 0.0
66.500; 14.750; 0.0
61.320; 15.900; 0.0
59.700; 25.600; 0.0
65.800; 25.000; 0.0
67.500; 33.200; 0.0
81.900; -7.000;33.0
58.300; 10.400; 0.0
58.300; 10.400; 0.0
58.300; 10.400; 0.0
58.300; 10.400; 0.0
58.300; 10.400; 0.0
58.300; 10.400; 0.0
59.700; 25.600; 0.0
69.400; 30.000; 0.0
66.400; 14.400; 0.0
66.410; 14.700; 0.0
54.400; 18.300; 0.0
54.400; 18.300; 0.0
59.700; 25.600; 0.0
58.500;  6.750; 0.0
61.300; 31.400; 0.0
72.000; 14.000; 0.0
58.000; 11.800; 0.0
57.800; 18.900; 0.0
72.800;  5.000; 0.0
68.900; 31.200; 0.0
68.900; 31.200; 0.0
55.420; 10.030; 0.0
58.700; 18.300; 0.0
67.500; 33.300; 0.0
68.500; 15.500; 0.0
68.400; 15.900; 0.0
73.500;  7.000;33.0
66.500; 14.200; 0.0
65.500; 22.000; 0.0
66.300; 14.600; 0.0
73.510;  8.200;20.0
69.200; 30.600; 0.0
59.700; 25.600; 0.0
58.300;  6.500; 0.0
69.000; 31.000; 0.0
66.500; 14.000; 0.0
71.270; -7.300; 0.0
59.300; 24.100; 0.0
67.500; 33.500; 0.0
71.230; -8.000;33.0
71.300; -8.100;33.0
71.600; -6.600;69.0
59.700;  6.600; 0.0
66.540; 14.700; 0.0
55.900; 15.700; 0.0
66.300; 14.500; 0.0
66.900; 23.000; 0.0
58.400; 14.200; 0.0
66.300; 14.500; 0.0
79.850;  5.000;33.0
60.130; 14.720; 0.0
58.380; 11.370; 0.0
58.300; 10.900; 0.0
68.900; 34.400; 0.0
58.300; 17.300; 0.0
59.700; 25.600; 0.0
66.300; 14.600; 0.0
66.000; 15.300; 0.0
59.700; 25.600; 0.0
54.500; 17.000; 0.0
66.300; 14.600; 0.0
67.500; 33.000; 0.0
59.700; 25.600; 0.0
59.300; 23.400; 0.0
59.300; 23.400; 0.0
66.100; 15.400; 0.0
67.800; 33.400; 0.0
58.640; 13.570; 0.0
69.100; 30.300; 0.0
61.900;  7.400; 0.0
68.200; 31.100; 0.0
65.500; 29.520;11.0
74.800;  9.600;33.0
74.620;  8.560;33.0
66.110; 15.200; 0.0
79.800;  2.900; 0.0
61.200;  1.400; 0.0
69.100; 30.100; 0.0
69.000; 16.500; 0.0
66.500; 27.900; 0.0
66.300; 14.600; 0.0
66.000; 14.400; 0.0
79.300;  4.000; 0.0
79.100;  4.100; 0.0
66.900; 12.800; 0.0
58.500;  7.500; 0.0
58.400;  6.100; 0.0
69.000; 32.900; 0.0
67.500; 33.100; 0.0
67.700; 29.500; 0.0
67.400; 33.300; 0.0
77.300;-14.500; 0.0
70.600;  8.500; 0.0
61.600; 17.600; 0.0
59.300; 24.100; 0.0
72.250;  1.600;33.0
71.850; -2.800;33.0
66.400; 14.000; 0.0
66.109; 12.800; 0.0
66.300; 14.800; 0.0
66.900; 23.700; 0.0
67.500; 29.700; 0.0
64.609; 24.500; 9.0
59.500; 10.400; 0.0
73.300; 17.300;33.0
81.500; -3.400; 0.0
71.420; 13.400; 0.0
80.080; -1.300;33.0
64.400; 21.100; 0.0
70.771;-14.968;33.0
58.600; 13.700; 0.0
66.500; 14.200; 0.0
67.000; 34.100; 0.0
67.900; 33.700; 0.0
59.400; 23.600; 0.0
55.900; 21.000; 0.0
62.100;  5.300;15.0
66.500; 14.100; 0.0
59.500; 25.100; 0.0
66.200; 15.000; 0.0
66.200; 15.100; 0.0
67.700; 33.800; 0.0
76.668;  6.815;33.0
76.773;  7.615;33.0
79.200; 12.000; 0.0
77.024;  9.491; 0.0
76.898;  9.398; 0.0
76.594;  7.490;33.0
76.590;  6.850; 0.0
77.090; 11.545; 0.0
76.529;  7.390;15.0
76.641;  8.258;33.0
59.500; 25.100; 0.0
77.215; 12.585; 0.0
77.301; 11.655; 0.0
76.656;  7.700; 0.0
76.561;  6.917;31.0
62.000;  6.000; 0.0
76.365;  6.902;33.0
66.200; 15.200; 0.0
78.605;  6.670;33.0
67.700; 34.100; 0.0
76.614;  7.424;33.0
72.509; -5.376;33.0
64.300; 29.500; 0.0
62.400; 26.600; 0.0
67.900; 14.100; 0.0
67.400; 33.700; 0.0
66.500; 14.100; 0.0
66.100; 15.300; 0.0
55.500; 15.100; 0.0
67.900; 33.700; 0.0
68.100; 27.700; 0.0
66.500; 14.100; 0.0
66.100; 15.500; 0.0
66.500; 14.100; 0.0
66.500; 14.100; 0.0
66.200; 15.000; 0.0
67.500; 33.100; 0.0
70.972; -6.855; 0.0
60.000;  3.000; 0.0
66.500; 14.100; 0.0
67.600; 34.300; 0.0
59.900; 15.200; 0.0
67.000; 20.400; 0.0
74.214; 12.271; 0.0
67.700; 33.000; 0.0
66.500; 14.100; 0.0
66.500; 14.000; 0.0
67.700; 33.700; 0.0
59.500; 25.100; 0.0
58.400; 11.200; 0.0
58.300; 10.800; 0.0
58.500; 16.200; 0.0
66.200; 11.400; 0.0
67.900; 34.300; 0.0
69.600; 30.900; 0.0
67.500; 34.000; 0.0
69.500; 30.300; 0.0
70.100; 17.200; 0.0
59.200; 24.200; 0.0
69.500; 30.400; 0.0
67.700; 34.100; 0.0
66.500; 14.200; 0.0
59.300; 28.200; 0.0
59.500; 24.900; 0.0
66.400; 33.600; 0.0
74.078;  9.866;33.0
67.900; 33.800; 0.0
67.600; 21.200; 0.0
63.400; 18.900; 0.0
66.100; 15.100; 0.0
79.500;  6.000; 0.0
67.800; 22.800; 0.0
69.700; 30.300; 0.0
81.500; -4.000; 0.0
64.400; 20.600; 0.0
66.000; 15.500; 0.0
69.800; 29.900; 0.0
71.516; -3.387;20.0
66.200; 15.100; 0.0
67.800; 33.900; 0.0
66.500; 14.000; 0.0
67.900; 33.900; 0.0
69.400; 30.900; 0.0
58.300;  6.300; 0.0
69.400; 31.100; 0.0
58.350; 11.950; 0.0
67.700; 33.800; 0.0
67.100; 20.500; 0.0
67.200; 12.000; 0.0
58.600; 18.400; 0.0
58.600; 18.400; 0.0
59.500; 24.800; 0.0
57.700;  5.600; 0.0
66.200; 14.500; 0.0
69.700; 28.100; 0.0
66.100; 15.300; 0.0
69.500; 31.200; 0.0
73.503;  8.499;33.0
73.393;  6.831; 0.0
73.113;  7.796; 0.0
67.800; 33.700; 0.0
55.400; 15.000; 0.0
74.251;  9.909; 0.0
65.200; 15.500; 0.0
67.800; 34.100; 0.0
60.800; 18.300; 0.0
59.700; 25.600; 0.0
69.200; 31.000; 0.0
57.700; 19.300; 0.0
55.500; 15.000; 0.0
75.012;  9.018;33.0
67.600; 34.100; 0.0
69.700; 30.300; 0.0
67.600; 34.100; 0.0
66.600; 13.700; 0.0
68.100; 16.200; 0.0
61.000;  4.500; 0.0
66.500; 14.000; 0.0
59.500; 25.000; 0.0
60.200; 17.700; 0.0
66.500; 14.000; 0.0
67.500; 31.100; 0.0
72.256;  1.554;33.0
72.205;  1.091;20.0
71.500;  2.000; 0.0
72.238;  1.785;33.0
72.155;  1.561;33.0
60.800; 10.900; 0.0
65.500; 34.900; 0.0
58.380; 13.280; 0.0
60.72 ; 10.37 ;31.0
56.501;  0.826; 0.0
62.130; 17.310; 7.0
59.200;  6.300;15.0
62.800; 20.000; 0.0
61.700;  4.700;15.0
62.940; 17.840; 0.0
 61.66; 4.73  ;    
67.700; 31.400; 0.0
61.000; 17.000; 0.0
67.300; 14.500; 0.0
65.400; 22.000; 0.0
67.300; 14.900; 0.0
66.500; 15.000; 0.0
69.300; 23.800; 0.0
62.800; 17.920; 0.0
62.600; 18.000; 0.0
58.540; 12.830; 0.0
61.800; 21.300; 0.0
70.700; 25.500; 0.0
81.262; -6.712; 0.0
62.900;  5.000; 0.0
76.000;  8.000; 0.0
79.705;  4.891; 0.0
78.432; 29.994; 0.0
66.700; 22.100; 0.0
65.800; 28.400; 0.0
65.900;  7.500; 0.0
66.100; 28.800; 0.0
77.800; 18.098;33.0
65.950; 25.760; 0.0
77.642; 18.047;33.0
77.235; 14.581; 0.0
65.600; 25.200; 0.0
71.100; 11.600; 0.0
71.000; 12.000; 0.0
56.340; -3.370; 0.0
65.900;  6.200; 0.0
66.500; 12.900; 0.0
71.000; 11.000; 0.0
72.516;  3.557;33.0
71.413; -5.046; 0.0
67.900; 22.000; 0.0
65.100; 20.600; 0.0
53.700; -2.000;10.0
67.000; 12.000; 0.0
56.550; -3.770; 0.0
70.932; -6.729;33.0
56.570; -3.800; 0.0
62.200;  5.600;15.0
79.483;  4.241;33.0
62.680; 16.980; 0.0
62.900;  2.500;15.0
66.500; 14.500; 0.0
73.200;  6.136; 0.0
73.163;  6.352;33.0
67.600;  9.300; 0.0
65.100; 34.300; 0.0
73.639;  8.476;33.0
73.445;  6.954; 0.0
73.716;  8.276; 0.0
73.529;  8.003;27.0
57.060; -6.150; 0.0
60.400; 14.800; 0.0
80.356;  2.225;33.0
58.790; 13.700; 0.0
79.199;  2.330;33.0
77.910; 10.450;33.0
79.189;  1.842; 0.0
80.525;  5.500; 0.0
59.500;  7.500; 0.0
62.100; 20.700; 0.0
72.381;  6.252; 0.0
66.300; 31.200; 0.0
72.072;  0.379; 0.0
61.900; 17.100; 0.0
71.849;-11.691; 0.0
67.609;  9.909; 0.0
67.400; 12.500; 0.0
69.900; 17.100; 0.0
68.300; 10.600; 0.0
77.677; 18.774; 0.0
67.727; 33.091; 7.0
72.240;  1.230; 0.0
71.421;-10.389; 0.0
66.500; 14.000; 0.0
81.481; -7.111; 0.0
58.910; 13.930;10.0
77.266; 18.496; 0.0
68.300; 27.300; 0.0
80.459;-14.370; 0.0
58.500; 11.200; 0.0
70.944; -6.715; 0.0
71.434; -6.010;59.3
71.527; -5.657;33.0
78.870;  3.774; 0.0
71.056; -6.441; 0.0
      ;       ;    
72.318;  0.152;33.0
72.478;  3.651;33.0
71.129; -7.667; 0.0
66.800; 13.400; 0.0
80.490; -2.355; 0.0
73.000;  9.000; 0.0
70.500; 21.200; 0.0
      ;       ;    
80.282; -2.053; 0.0
57.057;  7.178; 0.0
77.246;-14.593; 0.0
81.936; -6.355; 0.0
71.598; 11.907;33.0
      ;       ;    
65.200; 34.600; 0.0
63.700; 19.700; 0.0
70.200; 16.500; 0.0
71.118; -9.361; 0.0
71.605; -5.434;49.4
71.231; -7.885;33.0
57.400;  7.300; 0.0
71.347; -7.537;33.0
71.120; -7.226; 0.0
71.395; -7.961;33.0
66.900; 31.300; 0.0
71.218; -7.712;33.0
71.385; -7.291;33.0
71.240; -7.703;33.0
71.263; -7.859; 0.0
71.228; -8.044;33.0
71.346; -7.551;33.0
66.500; 14.200; 0.0
65.400; 23.100; 0.0
59.400; 28.300; 0.0
55.500; 15.000; 0.0
55.500; 15.000; 0.0
71.161; -8.442;19.5
66.400; 14.700; 0.0
59.300; 28.100; 0.0
      ;       ;    
58.500;  6.600; 0.0
67.800; 34.200; 0.0
      ;       ;    
66.500; 14.200; 0.0
57.800;  7.200; 0.0
60.000;  5.200; 0.0
69.600; 30.900; 0.0
59.400; 25.300; 0.0
69.500; 31.000; 0.0
61.100;  4.700; 0.0
      ;       ;    
78.844;  3.770; 0.0
78.962;  3.323; 0.0
79.424;  4.216; 0.0
71.347; -7.764;33.0
66.590; 10.592; 0.0
65.900; 18.200; 0.0
      ;       ;    
73.159;  5.238; 0.0
72.115;  1.409; 0.0
73.921;  9.939; 0.0
73.382;  7.721; 0.0
65.767; -0.098; 0.0
71.317;-12.721;33.0
73.488;  8.009;32.0
73.666;  8.611;15.0
      ;       ;    
67.300; 14.500; 0.0
72.288; -1.220; 0.0
76.469;  6.936; 0.0
80.559; -2.806;33.0
77.000; 20.000; 0.0
59.173; 13.484;02.0
      ;       ;    
      ;       ;    
68.110; 20.060; 3.0
78.538;  6.368; 0.0
61.690; 17.560;20.0
58.800; 12.920; 0.0
      ;       ;    
60.500; 11.300; 0.0
67.800; 33.700; 0.0
69.400; 30.400; 0.0
59.500; 27.800; 0.0
59.400; 11.000; 0.0
59.400; 11.000; 0.0
58.400; 10.100; 0.0
58.400; 10.100; 0.0
73.161;  5.525; 0.0
66.400; 14.300; 0.0
59.500; 24.900; 0.0
58.800; 18.200; 0.0
59.500; 28.500; 0.0
59.500; 28.500; 0.0
79.350;  2.586;33.0
66.500; 14.400; 0.0
59.600; 24.700; 0.0
59.400; 28.300; 0.0
59.200; 24.200; 0.0
      ;       ;    
68.900; 17.600; 0.0
69.600; 30.500; 0.0
59.600; 24.300; 0.0
59.700; 24.200; 0.0
58.300; 10.200; 0.0
59.400; 23.400; 0.0
66.400; 14.600; 0.0
59.400; 27.400; 0.0
65.750; 27.500; 0.0
58.300; 10.200; 0.0
59.500; 24.800; 0.0
58.900; 17.600; 0.0
58.900; 17.600; 0.0
58.900; 17.600; 0.0
58.900; 17.600; 0.0
58.900; 17.600; 0.0
58.900; 17.600; 0.0
69.600; 30.100; 0.0
59.300; 25.000; 0.0
68.700; 23.500; 0.0
61.400; 13.800; 0.0
59.200; 28.300; 0.0
57.900; 12.400; 0.0
59.600; 22.200; 0.0
59.600; 22.200; 0.0
59.600; 22.000; 0.0
59.600; 22.000; 0.0
58.200; 11.400; 0.0
69.500; 30.900; 0.0
59.300; 28.000; 0.0
59.500; 25.200; 0.0
58.500;  6.400; 0.0
71.792; -1.268; 0.0
59.600; 24.000; 0.0
59.600; 24.000; 0.0
59.600; 24.000; 0.0
59.500;  5.700; 0.0
69.600; 30.100; 0.0
67.800; 34.000; 0.0
59.200; 27.500; 0.0
59.200; 27.500; 0.0
73.484;  7.230;33.0
58.000; 18.600; 0.0
59.500; 23.300; 0.0
59.600; 27.700; 0.0
59.300; 25.500; 0.0
60.100; 14.900; 0.0
66.500; 14.200; 0.0
66.300; 14.800; 0.0
58.820; 12.800; 0.0
66.500; 14.400; 0.0
66.500; 14.400; 0.0
61.600;  4.300; 0.0
66.400; 14.400; 0.0
58.500;  6.600; 0.0
59.900;  5.100; 0.0
62.100;  2.400; 0.0
62.000;  2.000; 0.0
66.400; 14.400; 0.0
68.000; 13.000; 0.0
57.970;  9.220; 0.0
56.200; 12.700; 0.0
57.060; -6.170; 0.0
60.300; 20.100; 0.0
73.482;  7.530;33.0
79.742;  3.472;33.0
80.018;  0.401; 0.0
58.300; 13.900; 0.0
58.820; 12.880; 0.0
66.500; 14.600; 0.0
72.274;  0.931; 0.0
57.000; 19.900; 0.0
71.730; -1.519; 0.0
60.300;  7.600; 0.0
62.400; 17.600; 0.0
73.999;  9.613; 0.0
74.965;  9.374;33.0
58.700; 13.800; 0.0
66.400; 14.700; 0.0
58.000;  7.500; 0.0
59.700; 16.000; 0.0
58.000;  7.300; 0.0
58.800; 17.800; 0.0
66.400; 14.300; 0.0
58.800; 17.800; 0.0
58.800; 17.800; 0.0
59.700;  6.500; 0.0
55.100; 16.300; 0.0
55.100; 16.300; 0.0
55.100; 16.300; 0.0
60.400;  4.700; 0.0
81.885; -3.340;33.0
61.300;  4.400; 0.0
65.600; 29.000; 0.0
66.400; 14.400; 0.0
66.300; 14.500; 0.0
54.600; 20.100; 0.0
59.800; 15.400; 0.0
58.100; 14.700; 0.0
58.300;  6.800; 0.0
59.700; 10.500; 0.0
60.100;  4.500; 0.0
60.100;  4.500; 0.0
71.698;-11.414; 0.0
60.500; 16.500; 0.0
61.500; 20.700; 0.0
61.500; 20.700; 0.0
59.900; 15.200; 0.0
60.100; 12.000; 0.0
60.300;  6.100; 0.0
60.300;  6.100; 0.0
60.300;  6.100; 0.0
60.300;  6.100; 0.0
59.800; 15.300; 0.0
64.800; 20.500; 0.0
58.520; 11.400;15.0
81.367; -4.221; 0.0
56.600;  5.800; 0.0
58.800;  6.400; 0.0
77.470;  7.760;33.0
61.900;  5.200; 0.0
66.300; 12.900; 0.0
76.700; 16.500; 0.0
74.051;  8.960;33.0
61.500;  4.900; 0.0
60.100; 10.300; 0.0
64.900; 33.300; 0.0
67.218;-14.954; 0.0
58.100;  8.100; 0.0
81.485; -5.420;33.0
59.000; 17.000; 0.0
59.800; 22.200; 0.0
76.073; 25.054; 0.0
58.500; 11.100; 0.0
58.200;  6.200; 0.0
59.800;  6.200; 0.0
77.745; 18.548;33.0
66.500; 13.800; 0.0
59.000; 17.500; 0.0
58.500;  6.400; 0.0
60.500; 11.800; 0.0
73.902;  6.268; 0.0
63.000; 18.300; 0.0
66.500; 14.200; 0.0
66.400; 14.100; 0.0
66.600; 25.600; 0.0
66.700; 25.700; 0.0
60.800; 10.800; 0.0
59.900;  6.600; 0.0
78.298;  7.090;33.0
78.402;  3.612; 0.0
61.400; 16.809; 0.0
80.640; -2.738; 0.0
66.400; 14.600; 0.0
63.500; 17.100; 0.0
73.279;  6.884; 0.0
60.500; 16.500; 0.0
52.720; -3.758;33.0
58.500; 14.100; 0.0
66.500; 14.200; 0.0
66.500; 14.300; 0.0
58.100; 14.330;18.0
61.200; 17.300; 0.0
55.700; 15.300; 0.0
76.886; 20.427; 0.0
72.209;  0.804;33.0
66.400; 14.300; 0.0
58.580; 13.800; 0.0
60.600;  4.600; 0.0
67.750; 16.500; 0.0
60.000;  4.800; 0.0
55.600; 15.300; 0.0
81.392; -4.006;33.0
70.100; 17.100; 0.0
61.000; 17.000; 0.0
71.283; -5.512; 0.0
76.474; 12.503;33.0
65.500; 29.300; 0.0
61.800;  6.600; 0.0
58.300;  6.700; 0.0
76.863; 12.221;33.0
66.400; 14.500; 0.0
66.000; 23.800; 0.0
58.200; 10.700; 0.0
55.400; 15.200; 0.0
55.400; 15.200; 0.0
59.500; 10.700; 0.0
60.600;  5.200; 0.0
59.700;  7.600; 0.0
68.300; 15.000; 0.0
69.900; 16.900; 0.0
60.600;  5.100; 0.0
66.300; 14.500; 0.0
56.200; 20.600; 0.0
58.400; 14.000; 0.0
66.500; 14.100; 0.0
70.847;-14.370; 0.0
60.600;  5.200; 0.0
61.000;  4.000; 0.0
61.400; 14.700; 0.0
57.900; 19.100; 0.0
58.400;  6.600; 0.0
55.700; 15.000; 0.0
55.500; 14.600; 0.0
57.910; 11.890; 0.0
61.500; 34.200; 0.0
60.600;  5.400; 0.0
72.311;  1.434; 0.0
70.674;  8.489; 0.0
59.500; 16.000; 0.0
66.500; 14.100; 0.0
62.900;  8.200; 0.0
64.900; 24.700; 0.0
58.700; 16.000; 0.0
60.014;  2.253; 0.0
71.370; 15.430; 0.0
58.300; 17.500; 0.0
58.600; 13.500; 0.0
60.800; 10.600; 0.0
59.700; 23.900; 0.0
61.908;  6.359; 0.0
66.500; 14.400; 0.0
66.500; 13.900; 0.0
70.200; 16.400;15.0
68.800; 16.200;15.0
59.200; 16.000; 0.0
66.500; 14.100; 0.0
58.400; 10.600; 0.0
66.400; 14.500; 0.0
58.800; 19.400; 0.0
57.120; 21.325; 0.0
56.000; 20.000; 0.0
58.300; 11.900; 0.0
61.200; 17.000; 0.0
66.500; 14.300; 0.0
60.400; 15.300; 0.0
56.437;  6.598; 0.0
66.909; 13.001; 0.0
55.500; 15.000; 0.0
55.500; 15.000; 0.0
58.900; 17.700; 0.0
58.900; 17.700; 0.0
58.200;  6.400; 0.0
58.000; 18.400; 0.0
58.300; 13.200; 0.0
74.352; 10.786;33.0
80.634;  6.057; 0.0
74.176; -0.427;33.0
58.700; 18.200; 0.0
62.500; 17.000; 0.0
67.700; 21.200; 0.0
59.100; 12.500; 0.0
66.500; 14.300; 0.0
59.600; 21.800; 0.0
59.600; 21.800; 0.0
58.800; 12.100; 0.0
66.750; 13.000; 0.0
64.250; 10.000; 0.0
66.500; 18.500; 0.0
60.200;  4.400; 0.0
66.000; 27.200; 0.0
56.750; 25.500; 0.0
74.211;  4.297; 0.0
76.129;  9.269; 0.0
61.000; 19.800; 0.0
58.500;  6.900; 0.0
67.900; 19.800; 0.0
79.938; -0.421; 0.0
75.817;  7.211;33.0
54.000; 13.500; 0.0
62.300; 17.300; 0.0
66.500; 14.100; 0.0
57.390; 12.300; 0.0
59.700; 10.500; 0.0
66.400; 14.400; 0.0
68.000; 28.400; 0.0
58.800; 12.400; 0.0
58.500;  6.400; 0.0
71.497; -4.686;33.0
79.957; -1.380;17.0
73.462;  7.750;33.0
66.400; 14.300; 0.0
55.500; 15.100; 0.0
60.100; 17.500; 0.0
60.700; 21.300; 0.0
74.686;  9.075; 0.0
67.900; 32.200; 0.0
67.600; 22.500; 0.0
59.500; 16.100; 0.0
59.300;  7.000; 0.0
59.300;  7.000; 0.0
57.200; -5.400; 0.0
57.200; -5.400; 0.0
57.267; -5.320; 0.0
57.200; -5.400; 0.0
78.894;  3.533; 0.0
57.200; -5.400; 0.0
57.200; -5.400; 0.0
57.200; -5.400; 0.0
73.344;  7.050;31.0
73.201;  7.586;33.0
70.471;  9.704;33.0
73.375;  8.031;33.0
73.390;  7.416;33.0
73.275;  7.005; 0.0
70.707; 10.213;33.0
73.370;  7.092; 0.0
71.623; 12.335; 0.0
73.496;  6.044;33.0
73.283;  6.883; 0.0
73.200;  6.300;15.0
73.446;  7.437; 0.0
72.943;  7.220;33.0
58.700; 12.200; 0.0
73.300;  6.800;15.0
73.400;  6.900;15.0
57.200; -5.400; 0.0
57.200; -5.400; 0.0
57.200; -5.400; 0.0
57.200; -5.400; 0.0
59.250; -5.050; 0.0
57.200; -5.400; 0.0
61.800;  4.800; 0.0
59.250; -5.050; 0.0
57.200; -5.400; 0.0
57.200; -5.400; 0.0
59.800;  5.400; 0.0
60.000;  5.000; 0.0
60.000;  5.000; 0.0
60.200; 10.200; 0.0
61.300;  4.400; 0.0
57.200; -5.400; 0.0
57.200; -5.400; 0.0
60.200; 15.000; 0.0
71.722; -2.808;33.0
71.642; -2.644;33.0
59.300; 11.100; 0.0
59.700; 10.800; 0.0
66.175; 21.594; 0.0
66.100; 22.700; 0.0
59.700; 23.800; 0.0
58.400; 11.300; 0.0
56.500; 20.200; 0.0
58.300;  6.600; 0.0
58.400; 11.300; 0.0
69.300; 19.800; 0.0
60.400; 16.300; 0.0
76.416;  7.767;33.0
60.600;  5.200; 0.0
58.590; 13.440; 0.0
66.500; 14.400; 0.0
60.100;  5.200; 0.0
57.500;  4.500; 0.0
64.558; 19.397; 0.0
66.800; 14.000; 0.0
58.800; 12.700; 0.0
62.700;  5.000; 0.0
66.700; 14.000; 0.0
57.400;  9.200; 0.0
58.400; 14.000; 0.0
80.686; -2.453;33.0
57.131;  7.245; 0.0
58.700;  7.100; 0.0
59.200;  7.000; 0.0
72.390;  3.886;33.0
81.793; 15.969; 0.0
61.800; 17.600; 0.0
56.142; -3.654; 0.0
57.380; 12.330; 9.0
66.400; 14.200; 0.0
73.321; 14.371;33.0
65.800; 27.000; 0.0
58.353;  6.986; 0.0
69.900; 25.500; 0.0
69.800; 10.000; 0.0
60.100; 10.100; 0.0
81.940; -7.736;33.0
54.637; 16.082; 0.0
58.500;  6.400; 0.0
67.735; 19.177; 0.0
66.427; 14.657; 0.0
66.100; 23.400; 0.0
74.031;  9.151;33.0
60.100; 17.500; 0.0
67.850; 10.500; 0.0
81.151; -5.404;33.0
71.202; -5.666;33.0
66.000; 29.000; 0.0
74.157;  8.956;30.0
74.320;  9.228;33.0
73.277;  5.418; 0.0
71.700; 14.200;15.0
58.200; 10.400; 0.0
60.100; 18.000; 0.0
74.198; 10.113; 0.0
73.820;  8.071; 0.0
60.100; 18.000; 0.0
60.100; 18.000; 0.0
73.890;  8.152;33.0
74.587; 11.763; 0.0
56.378;  7.657;33.0
68.700; 16.000; 0.0
58.400;  6.800; 0.0
67.800; 34.000; 0.0
66.300; 12.700; 0.0
69.523; 25.507; 0.0
58.000;  6.300; 0.0
65.500; 33.590; 0.0
58.800; 11.900; 0.0
56.884; -4.803; 0.0
70.400; 11.200; 0.0
58.600; 15.000; 0.0
71.581; -4.129;33.0
57.900; 11.700; 0.0
65.500;  5.100;15.0
81.477; -4.173;33.0
80.931; -3.523; 0.0
56.300; 21.000; 0.0
67.700; 33.800; 0.0
71.819; -3.070; 0.0
60.100; 17.500; 0.0
67.700;  9.700; 0.0
59.500;  5.200;15.0
60.000; 15.000; 0.0
57.700; 14.700; 0.0
71.711; -9.668; 0.0
68.200; 11.800; 0.0
71.494;-10.356; 0.0
59.700; 10.600; 0.0
58.700; 15.200; 0.0
61.800;  5.000; 0.0
59.900; 11.200; 0.0
74.699;  9.059;33.0
75.014; 10.160; 0.0
72.688;  3.835;33.0
58.300; 18.700; 0.0
78.584;  6.377; 0.0
60.750;  3.500; 0.0
72.898;  3.837;33.0
60.100;  5.000; 0.0
60.100; 15.000; 0.0
68.000; 11.300; 0.0
54.221; 19.625;33.0
56.850; -4.910; 5.0
59.600;  6.000; 0.0
71.618;-13.555;33.0
60.100; 15.000; 0.0
72.634;  3.439; 0.0
63.796; 25.001;33.0
58.300;  8.500; 0.0
58.400;  6.300; 0.0
76.361;  6.799; 0.0
60.100; 15.000; 0.0
68.600; 15.100; 0.0
60.100; 10.000; 0.0
64.800; 20.300; 0.0
77.729; 18.405; 6.0
78.727; 27.160; 0.0
60.300;  7.300; 0.0
66.600; 13.100; 0.0
80.479; -3.352;33.0
64.500; 20.700; 0.0
78.836; -0.890;33.0
81.994; -6.203; 0.0
58.300; 18.000; 0.0
56.830; -4.960; 8.0
68.800; 33.800; 0.0
60.100; 15.000; 0.0
71.715; 15.012;33.0
67.449; 21.757; 0.0
63.700; 21.500; 0.0
67.000; 14.500; 0.0
65.800; 24.400; 0.0
79.006;  1.002;39.4
80.294; 21.819;55.9
65.400; 33.700; 0.0
62.720;  4.170; 0.0
66.000; 29.000; 0.0
60.100; 15.000; 0.0
63.000;  5.000; 0.0
61.930; 17.700; 0.0
56.790; -4.990; 9.0
72.959;  5.891; 0.0
62.500; 27.500; 0.0
64.500; 20.900; 0.0
56.792;  2.164;33.0
55.502; -5.444; 4.0
58.600; 13.810; 0.0
57.200;  7.800; 0.0
71.770; -2.428;33.0
72.013; -2.029;33.0
71.804; -1.985;33.0
68.535;  8.818; 0.0
69.893;  4.601; 0.0
72.141; -1.510; 0.0
71.757; -2.225;33.0
57.400; 12.300; 0.0
59.500; 25.000; 0.0
81.961; -4.674; 0.0
56.690; -4.275; 0.0
56.738; -4.311; 0.0
57.242; -5.202;52.1
57.260; -5.820; 0.0
57.290; -5.590; 0.0
67.400;  9.200; 0.0
55.983; -6.955; 0.0
77.855;  7.150;33.0
79.143;  2.059; 0.0
60.100; 15.000; 0.0
67.000; 22.500; 0.0
60.100; 15.000; 0.0
69.300; 17.200; 0.0
60.100; 15.000; 0.0
71.567;  7.512; 0.0
60.464;  4.486;15.0
60.500;  7.200; 0.0
64.200; 20.200; 0.0
60.100; 15.000; 0.0
60.100; 15.000; 0.0
78.669;  5.688;33.0
63.556;  6.605; 0.0
59.104; 19.956;33.0
63.958;  5.079;33.0
77.795; 18.340; 0.0
76.018; -3.599; 0.0
77.697; 18.128;33.0
69.085; 23.202; 0.0
60.100; 15.000; 0.0
76.000; 15.000; 0.0
59.000; 16.000; 0.0
60.100; 17.500; 0.0
66.700; 29.200; 0.0
65.600; 29.800; 0.0
77.000; 16.000; 0.0
59.700; 15.200; 0.0
      ;       ;    
60.400; 18.100; 0.0
71.080;  5.960; 0.0
61.300; 17.100; 0.0
58.800; 13.800; 0.0
76.600; 15.800; 0.0
61.300;  4.700;15.0
72.171; -2.212;02.0
71.687; -2.397;10.0
71.782; -2.403;10.0
71.736; -3.439;33.0
56.900;  7.500; 0.0
71.252; -8.220; 0.0
59.900; 12.600; 0.0
71.979; -2.078;33.0
72.119; -1.694;33.0
71.222; -0.211;33.0
77.500; 21.300; 0.0
67.800; 23.300; 0.0
71.442; -9.088;10.0
81.800; -8.460; 0.0
74.028;  8.766;33.0
75.457;  7.917;33.0
73.201;  6.278;33.0
77.569; 18.319; 0.0
79.189;  3.020;33.0
64.504; 21.260; 0.0
72.246;  1.200;10.0
60.000; 15.100; 0.0
68.200; 23.700; 0.0
67.900; 33.800; 0.0
56.690; -4.910; 5.0
71.222; 13.085; 0.0
67.728;  8.236;33.0
71.561;-12.995; 0.0
71.657;-12.457;10.0
71.547;-12.605;10.0
71.672;-12.859; 0.0
77.724;  7.856;10.0
65.344; 19.233;33.0
58.000; 19.100; 0.0
71.300; -8.837;10.0
68.200; 33.300; 0.0
58.000; 19.100; 0.0
58.900; 18.500; 0.0
60.100; 15.000; 0.0
60.100; 15.000; 0.0
71.902; -4.197;33.0
70.000; 16.800; 0.0
56.250; 21.000; 0.0
56.250; 21.000; 0.0
56.250; 21.000; 0.0
58.402; 14.211; 0.0
62.800; 18.200; 0.0
72.623;  3.410;23.0
72.633;  3.919;10.0
72.643;  3.500;16.0
77.500; 20.500; 0.0
55.600; 16.300; 0.0
55.600; 16.300; 0.0
      ;       ;    
60.140;  6.300; 0.0
      ;       ;    
      ;       ;    
      ;       ;    
72.131;  0.805; 9.0
67.900; 33.800; 0.0
61.600; 24.200; 0.0
67.500; 30.900; 0.0
67.800; 33.800; 0.0
54.220; -2.273; 9.0
62.833; 17.356; 0.0
79.585;  2.822; 0.0
59.700; 20.900; 0.0
65.600; 22.500; 0.0
62.020;  3.740; 0.0
62.700; 18.000; 0.0
68.000; 23.100; 0.0
59.554; 15.254; 0.0
65.132; 18.636;33.0
59.167; 13.791;10.0
59.500; 13.800; 0.0
65.200; 31.000; 0.0
77.831;  7.873; 5.0
74.113;  9.316;40.0
74.168;  9.456;36.0
72.129; 13.764;33.0
      ;       ;    
60.100; 17.500; 0.0
67.800; 27.400; 0.0
67.600; 15.800;57.0
59.203; 23.582;10.0
80.281; -1.825;10.0
53.914; -2.603;15.0
77.553; 10.867; 0.0
59.600; 23.200; 0.0
66.500; 14.200; 0.0
73.006;  6.002;29.0
73.432;  7.047;33.0
77.000; 28.000; 0.0
67.800; 33.700; 0.0
      ;       ;    
      ;       ;    
      ;       ;    
56.590;  7.630; 0.0
      ;       ;    
75.977;  6.705; 0.0
68.100; 11.000; 0.0
68.007; 12.640; 0.0
79.677;  3.142; 0.0
60.100; 15.000; 0.0
67.800; 25.500; 0.0
67.504; 33.371; 0.0
65.900; 29.000; 0.0
67.200;  7.800; 0.0
73.440;  5.718;33.0
73.346;  5.828; 0.0
      ;       ;    
64.200; 27.200; 0.0
74.846;  8.990; 0.0
70.847;-13.705;10.0
80.333; -3.454;33.0
79.164;  1.827; 0.0
71.924; -1.344;10.0
77.706; 19.966; 0.0
76.184;  5.880;10.0
76.140;  4.750;33.0
79.100;  2.169;10.0
71.353; -6.766;33.0
73.500; 16.200; 0.0
57.000; 21.000; 0.0
76.500; 19.900; 0.0
61.700;  2.300;15.0
57.000;  6.100; 0.0
70.924;-14.543;10.0
70.996;-14.452;10.0
70.798;-14.359;10.0
67.800; 13.800;15.0
61.126;  3.321; 0.0
71.816; -1.467;19.0
71.600;-12.495;10.0
69.000; 16.500; 0.0
77.000; 30.000; 0.0
65.900; 30.300; 0.0
65.900; 29.900; 0.0
53.082;  9.536; 4.0
59.700; 10.700; 0.0
67.300; 13.400; 0.0
64.700; 28.900; 0.0
72.081; -2.038;33.0
79.273;  2.420;33.0
56.800;  0.270; 0.0
60.520;  0.570; 0.0
56.630;  0.360; 0.0
62.000; 24.300; 0.0
65.900; 29.200; 0.0
77.766; 18.598;10.0
52.068; 11.305; 0.0
62.000;  2.500; 0.0
70.100; 15.800; 0.0
71.928; -1.467;20.0
58.250; 21.000; 0.0
61.500; 30.000; 0.0
79.833;  1.888; 0.0
59.000; 12.450; 0.0
59.620;  5.890; 0.0
57.244; 14.392; 0.0
53.226; -0.801; 0.0
75.260; 10.862;33.0
76.241;  7.018;33.0
74.710;  8.301;33.0
72.000; 10.000; 0.0
66.900; 23.400; 0.0
58.500;  6.500; 0.0
56.300; -3.707; 2.0
56.085; -4.078; 3.0
68.200; 26.400; 0.0
68.916; 28.987; 7.0
60.100; 17.500; 0.0
58.643;  1.408;30.0
63.169;  1.934;10.0
65.664; 22.875; 0.0
60.686; 16.471; 0.0
62.400; 17.800; 0.0
62.400; 17.800; 0.0
76.702; 25.628; 0.0
60.700;  4.900; 0.0
76.700; 17.700; 0.0
60.000; 15.750; 0.0
77.768; 19.558;10.0
81.710; -5.625; 0.0
66.500; 14.500; 0.0
62.398;  2.172;30.0
73.736;  7.330;33.0
60.100; 17.500; 0.0
60.100; 17.500; 0.0
60.700; 11.300; 0.0
60.800; 11.100; 0.0
72.125;  0.052;10.0
66.400; 33.000; 0.0
72.458;  2.735;33.0
52.002; 20.203;81.0
61.700; 34.300; 5.0
76.189; -1.370; 0.0
59.900;  5.900; 0.0
      ;       ;    
      ;       ;    
      ;       ;    
      ;       ;    
      ;       ;    
67.900; 22.700; 0.0
57.768; -6.027; 0.0
57.341; -5.622; 0.0
60.217; 15.186; 0.0
79.903;  0.752; 0.0
79.074;  2.904; 0.0
      ;       ;    
56.420; -5.320; 0.0
70.974; -6.125;10.0
60.800; 23.800; 0.0
77.103;  3.632;33.0
71.102; -6.345;10.0
62.229;  1.806;10.0
61.500;  3.600; 0.0
56.800;  7.900; 0.0
60.900;  2.900; 0.0
68.500; 16.000; 0.0
68.500; 16.000; 0.0
68.500; 16.000; 0.0
66.418; 14.922; 0.0
56.150; -3.670; 0.0
57.260; -5.640; 0.0
      ;       ;    
73.100; 14.900; 0.0
59.000;  1.400; 0.0
57.173; -5.580; 0.0
62.500;  6.600;15.0
57.120; -5.490; 0.0
57.140; -5.350; 0.0
57.080; -5.560; 0.0
57.200; -2.500; 0.0
56.420; -3.580; 0.0
56.410; -3.520; 0.0
56.430; -3.580; 0.0
59.434; 23.643; 0.0
      ;       ;    
56.430; -3.570; 0.0
57.410; -5.400; 0.0
56.130; -3.630; 0.0
65.100; 12.600; 0.0
71.543; -3.071;10.0
73.000;  4.706;33.0
57.080; -5.410; 0.0
71.608; -3.395;10.0
71.848; -2.930;10.0
79.213;  2.645;10.0
68.200; 27.800; 0.0
56.170; -3.760; 0.0
56.440; -3.620; 0.0
56.480; -3.640; 0.0
60.15 ;  6.46 ;15.0
80.739; -3.734; 0.0
57.100;  7.800; 0.0
